Keyword,Position,Previous position,Search Volume,Keyword Difficulty,CPC,URL,Traffic,Traffic (%),Traffic Cost,Competition,Number of Results,Trends,Timestamp,SERP Features by Keyword
wobz,1,1,110,72.29,0.00,https://wobz.fr/,88,44.67,0.00,0,91,"[53,53,65,65,82,100,53,53,53,53,53,100]",1584410539,"Knowledge panel, Image pack, Site links, Reviews, AdWords top, Video Carousel"
gobelet personnalisé,17,14,6600,65.42,0.71,https://wobz.fr/,26,13.19,18.00,1,578000,"[44,55,67,82,100,100,100,82,67,44,36,82]",1584604774,"Image pack, Site links, Reviews, AdWords top, AdWords bottom, FAQ"
gobelet personnalisable,20,21,4400,64.51,0.83,https://wobz.fr/,13,6.59,10.00,1,413000,"[54,81,81,100,100,100,100,81,67,54,44,81]",1584626498,"Image pack, Site links, Reviews, Video, FAQ"
gobelet personnalisé 33cl,10,10,390,59.5,0.61,https://wobz.fr/gobelet-personnalise-33cl-qualite-photo-impression-7cm.html,11,5.58,7.00,1,73,"[13,29,36,54,54,67,82,67,54,54,44,100]",1584158317,"Image pack, Site links, Reviews, AdWords bottom, Shopping ads"
dalvin,4,4,720,81.99,0.00,https://wobz.fr/,10,5.07,0.00,0,1850000,"[39,59,59,72,72,88,48,88,88,72,59,100]",1584315158,"Knowledge panel, Image pack, Site links, Reviews, Video, Video Carousel"
gobelet mariage,12,12,720,65.55,0.35,https://wobz.fr/gobelet-personnalise-mariage-car.html,9,4.56,3.00,1,3640000,"[59,72,88,88,88,100,72,72,59,59,39,88]",1584328103,"Image pack, Site links, Reviews, Video Carousel"
gobelet mariage,13,13,720,65.55,0.35,https://wobz.fr/gobelets-thematiques/mariage.html,6,3.04,2.00,1,3640000,"[59,72,88,88,88,100,72,72,59,59,39,88]",1584328103,"Image pack, Site links, Reviews, Video Carousel"
gobelet personnalisé mariage,12,12,1600,64.17,0.46,https://wobz.fr/gobelet-personnalise-mariage-car.html,4,2.03,1.00,1,61,"[54,67,67,79,79,100,67,54,54,37,37,79]",1584439205,"Image pack, Site links, Reviews"
gobelet personnalisé 33cl,13,13,390,59.5,0.61,https://wobz.fr/gobelet-personnalise-33cl-qualite-photo-impression-12-6cm.html,3,1.52,2.00,1,73,"[13,29,36,54,54,67,82,67,54,54,44,100]",1584158317,"Image pack, Site links, Reviews, AdWords bottom, Shopping ads"
porte gobelet ceinture,10,10,110,64.74,0.31,https://wobz.fr/porte-gobelet-a-accroche-ceinture.html,3,1.52,1.00,1,689000,"[13,22,22,34,100,53,28,22,34,34,22,22]",1584260234,"Image pack, Reviews, Shopping ads"
gobelet personnalisé pour mariage,12,12,260,61.76,0.46,https://wobz.fr/gobelet-personnalise-mariage-car.html,3,1.52,1.00,1,94,"[13,24,19,36,36,36,29,44,44,36,36,100]",1584248397,"Image pack, Site links, Reviews, Video"
gobelet personnalisé anniversaire,17,17,590,56.33,0.48,https://wobz.fr/gobelet-anniversaire-cheers.html,2,1.01,1.00,1,99,"[39,48,48,72,100,88,88,88,48,39,32,59]",1584270204,"Image pack, Site links, Reviews"
gobelet personnalisé pour mariage,13,13,260,61.76,0.46,https://wobz.fr/gobelet-personnalise-mariage-arrows-heart.html,2,1.01,1.00,1,94,"[13,24,19,36,36,36,29,44,44,36,36,100]",1584248397,"Image pack, Site links, Reviews, Video"
gobelet plastique personnalisé mariage,13,13,260,65.45,0.47,https://wobz.fr/gobelet-personnalise-mariage-car.html,2,1.01,1.00,1,83,"[67,82,82,67,82,100,67,67,54,44,36,82]",1584547344,"Image pack, Site links, Reviews, Shopping ads, FAQ"
verre mojito,30,15,1300,85.55,0.17,https://wobz.fr/verre-mojito-personnalise-blanc.html,1,0.5,0.00,1,955000,"[25,25,37,54,79,100,100,54,37,54,67,37]",1584615574,"Image pack, Reviews, Image"
gobelet incassable personnalisé,8,8,50,59.92,0.94,https://wobz.fr/,1,0.5,1.00,1,73,"[50,100,100,100,0,0,50,50,100,100,50,50]",1583962103,"Image pack, Site links, Reviews, AdWords bottom, Shopping ads"
gobelet personnalisé mariage champetre,15,15,260,70.38,0.65,https://wobz.fr/gobelet-personnalise-mariage-en-couronne-de-fleurs.html,1,0.5,0.00,1,45,"[3,12,12,36,66,66,54,44,44,29,36,100]",1584385935,"Image pack, Reviews, AdWords top, AdWords bottom"
gobelet personnalisé mariage champetre,16,16,260,70.38,0.65,https://wobz.fr/gobelets-thematiques/mariage.html,1,0.5,0.00,1,45,"[3,12,12,36,66,66,54,44,44,29,36,100]",1584385935,"Image pack, Reviews, AdWords top, AdWords bottom"
gobelet personnalisé bapteme,13,13,140,58.37,0.57,https://wobz.fr/gobelet-bapteme-fleuri.html,1,0.5,0.00,1,216000,"[16,28,34,53,66,53,100,81,44,16,16,13]",1582460619,"Image pack, Site links, Reviews"
verres personnalisés,20,20,480,67.27,0.57,https://wobz.fr/,1,0.5,0.00,1,25700000,"[54,54,66,81,81,81,66,81,66,100,100,66]",1584288787,"Image pack, Site links, Reviews, Video Carousel, FAQ"
ceinture porte gobelet,10,10,50,64.53,0.00,https://wobz.fr/porte-gobelet-a-accroche-ceinture.html,1,0.5,0.00,1,754000,"[33,33,67,33,33,33,33,33,33,100,67,67]",1584044122,"Image pack, Reviews"
25 cl,35,0,1600,73.61,0.00,https://wobz.fr/gobelets-personnalises-25cl,1,0.5,0.00,0.05,1600000000,"[84,84,84,84,84,84,84,84,100,100,100,100]",1584576321,"Instant answer, Image pack, Reviews, People also ask"
gobelet réutilisable vierge,17,17,260,59.95,0.69,https://wobz.fr/gobelet-vierge-25-cl.html,1,0.5,0.00,1,58,"[28,28,54,54,67,100,100,82,67,67,67,44]",1583753408,"Image pack, Reviews, Shopping ads"
gobelet mariage personnalisé,14,14,170,63.44,0.56,https://wobz.fr/gobelet-personnalise-mariage-car.html,1,0.5,0.00,0.94,92,"[52,67,67,100,100,67,81,100,81,52,52,81]",1583810611,"Image pack, Site links, Reviews, Video"
photo gobelet,8,8,50,62.65,0.00,https://wobz.fr/gobelet-personnalise-33cl-qualite-photo-impression-7cm.html,1,0.5,0.00,1,7510000,"[40,20,100,20,80,20,60,40,20,20,20,20]",1582832940,"Image pack, Site links, Reviews, Video, Video Carousel"
couronne en gobelet,7,7,40,55.66,0.00,https://wobz.fr/gobelet-personnalise-mariage-en-couronne-de-fleurs.html,1,0.5,0.00,0.05,738000,"[60,0,0,100,0,20,40,0,0,0,20,20]",1582772860,"Image pack, Reviews, Video Carousel"
verre a personnaliser,12,12,110,63.92,0.44,https://wobz.fr/verres-personnalises-en-verre,1,0.5,0.00,1,20500000,"[41,41,53,41,65,82,53,53,65,53,100,100]",1582864458,"Site links, Reviews, AdWords top, AdWords bottom, Shopping ads, Video Carousel"
personnaliser gobelet,12,12,110,65.85,0.50,https://wobz.fr/,1,0.5,0.00,1,390000,"[24,43,33,19,43,43,43,52,81,81,100,81]",1583763796,"Image pack, Site links, Reviews, Featured snippet"
gobelet plastique maroc,8,8,50,58.57,0.00,https://wobz.fr/gobelet-personnalise-pour-mariage-marocain.html,1,0.5,0.00,0.67,84300,"[0,0,100,20,60,0,20,0,40,20,20,20]",1582942537,"Image pack, Reviews, Video, Shopping ads"
verre a vin plastique,47,47,390,76.6,0.31,https://wobz.fr/verre-a-vin-personnalise-cabernet-en-plastique-qualite-photo.html,0,0,0.00,1,8940000,"[44,66,66,81,100,100,100,100,54,66,66,54]",1584223107,"Image pack, Reviews, Video, Shopping ads"
verre à vin plastique,42,42,110,64.38,0.39,https://wobz.fr/verre-a-vin-personnalise-cabernet-en-plastique-qualite-photo.html,0,0,0.00,1,8590000,"[50,50,36,79,79,100,100,100,64,79,79,64]",1582570379,"Image pack, Reviews, Video"
panier bébé personnalisé,76,76,50,61.11,0.18,https://wobz.fr/gobelet-personnalise-naissance-moon.html,0,0,0.00,1,10900000,"[1,2,1,1,1,10,1,10,1,1,1,100]",1582956745,"Image pack, Reviews, Video, Shopping ads"
gobelet à anse,53,53,40,75.15,0.00,https://wobz.fr/gobelet-personnalise-noces-d-or-50-ans.html,0,0,0.00,1,468000,"[0,0,0,100,14,14,29,43,14,29,29,71]",1583955046,"Image pack, Reviews"
ibiza entre filles,55,55,70,68.89,0.00,https://wobz.fr/gobelet-personnalise-pour-evjf-ibiza-rose.html,0,0,0.00,0,1780000,"[14,14,100,14,29,29,14,14,29,29,14,14]",1582319854,"Image pack, Reviews, Video, AdWords bottom, Video Carousel"
gobelet a personnaliser,13,13,50,67.65,0.98,https://wobz.fr/,0,0,0.00,1,365000,"[60,40,20,20,20,20,20,100,20,80,20,20]",1583800705,"Image pack, Site links, Reviews, Video, AdWords top"
gourde sport personnalisée unité,44,44,140,66.91,0.79,https://wobz.fr/gourdes-personnalisees-tacx-shiva-7cm-500ml.html,0,0,0.00,1,59,"[35,27,35,54,54,54,35,27,54,65,100,81]",1584018271,"Image pack, Reviews, AdWords bottom"
verre personnalisé avec photo,52,52,40,63.87,0.41,https://wobz.fr/gobelet-personnalise-33cl-qualite-photo-impression-7cm.html,0,0,0.00,1,8760000,"[35,2,2,8,2,23,44,2,2,2,100,67]",1583076323,"Image pack, Reviews, Video, Shopping ads"
naissance garçon cigogne,58,58,50,77.42,0.00,https://wobz.fr/gobelet-personnalisable-naissance-effet-brode.html,0,0,0.00,0,143000,"[0,0,0,0,14,71,14,57,43,100,14,14]",1583778099,"Image pack, Reviews, Video"
incassable theme,47,47,70,90.46,0.00,https://wobz.fr/gobelet-personnalise-mariage-car.html,0,0,0.00,0,184000,"[22,11,11,44,33,11,11,0,11,100,11,11]",1584250016,"Image pack, Reviews, Video, Featured video"
noeud papillon personnalisé,38,38,170,54.67,0.33,https://wobz.fr/gobelet-personnalise-evg-noeud-papillon.html,0,0,0.00,1,596000,"[52,67,100,81,100,81,52,67,52,52,81,100]",1584157583,"Image pack, Site links, Reviews"
sérigraphie sur verre à vin,90,90,50,51.03,0.46,https://wobz.fr/gobelet-personnalise-25cl-impression-serigraphie-2-couleurs.html,0,0,0.00,0.79,386000,"[14,14,29,14,14,14,29,14,43,43,100,14]",1582287271,"Image pack, Reviews, Video, AdWords bottom, Shopping ads"
gobelet rouge et bleu,54,54,70,74.2,0.00,https://wobz.fr/gobelet-personnalise-bleu-fonce-25cl-qualite-photo.html,0,0,0.00,1,2810000,"[100,50,50,50,100,50,50,100,50,50,50,50]",1583403477,"Image pack, Reviews, Video, Shopping ads"
coffret cadeau verre,31,31,70,75.58,0.51,https://wobz.fr/coffret-cremant-de-bourgogne-et-verres-a-vin-en-verre.html,0,0,0.00,1,18100000,"[33,0,33,33,33,33,100,33,0,33,33,33]",1582608747,"Image pack, Reviews, AdWords bottom, Shopping ads"
verre à vin plastique personnalisé,20,20,70,63,0.54,https://wobz.fr/verres-personnalises-en-tritan/verres-a-vin-personnalises-en-plastique.html,0,0,0.00,0.97,1950000,"[20,80,20,20,20,20,100,40,20,20,20,20]",1584286210,"Image pack, Site links, Reviews"
mariage discount avis,60,60,50,77.99,0.00,https://wobz.fr/gobelet-personnalisable-mariage-pink-flower.html,0,0,0.00,0.08,5120000,"[57,14,14,100,14,14,14,14,14,14,14,14]",1582952245,"Image pack, Site links, Reviews, Video"
noces de 70 ans,76,76,110,83.3,0.00,https://wobz.fr/gobelet-personnalise-noces-de-platine-70-ans.html,0,0,0.00,0,3610000,"[64,79,50,64,79,79,100,100,100,100,79,64]",1583221232,"Image pack, Site links, Reviews, Video Carousel, People also ask"
coffret evjf,48,48,70,69.92,0.00,https://wobz.fr/gobelet-personnalise-pour-evjf-robe-mariee.html,0,0,0.00,0.5,146000,"[11,100,11,11,11,11,11,44,33,11,11,11]",1583770946,"Image pack, Site links, Reviews"
gobelets plastiques réutilisables personnalisés,72,72,50,60.57,1.55,https://wobz.fr/,0,0,0.00,1,177000,"[0,0,0,0,0,0,0,0,0,0,0,100]",1584068667,"Site links, Reviews, AdWords top, AdWords bottom, Shopping ads"
personnalisation de verre,15,15,50,65.25,0.33,https://wobz.fr/verres-personnalises-en-verre,0,0,0.00,1,47100000,"[22,78,56,11,22,56,11,11,11,22,11,100]",1583826164,"Knowledge panel, Image pack, Site links, Reviews, Video Carousel"
cocktail attire deutsch,87,87,40,64.28,0.00,https://wobz.fr/tubo-long-drink-personnalise-impression-qualite-photo-14-cm.html,0,0,0.00,0,1660000,"[0,0,0,0,0,0,0,0,0,0,100,0]",1582585249,"Image pack, Site links, Reviews"
lime pour verre,75,75,50,72.89,0.00,https://wobz.fr/tubo-long-lime-personnalise-blanc-impression-qualite-photo-14cm.html,0,0,0.00,0.94,9000000,"[33,11,100,11,11,22,11,11,11,56,11,11]",1582387679,"Reviews, Video Carousel, People also ask"
verre a eau incassable,12,12,70,57.25,0.00,https://wobz.fr/verre-a-eau-personnalise-pure-en-plastique-qualite-photo.html,0,0,0.00,1,582000,"[14,71,14,14,29,14,29,14,100,14,57,14]",1582770020,"Image pack, Site links, Reviews, Video, AdWords top, AdWords bottom, Shopping ads"
dalvin sas,13,13,50,73,0.00,https://wobz.fr/,0,0,0.00,0.01,24,"[20,20,40,20,60,20,40,20,20,20,100,20]",1583102993,"Knowledge panel, Image pack, Site links, Reviews, Video"
verre plastique personnalisé mariage,14,14,140,65.62,0.68,https://wobz.fr/gobelet-personnalise-mariage-car.html,0,0,0.00,1,2580000,"[42,35,100,81,65,81,81,54,54,35,19,19]",1583600843,"Image pack, Site links, Reviews, Video, AdWords top, AdWords bottom, Shopping ads"
gobelet personnalisé plastique,34,34,40,61.1,0.48,https://wobz.fr/,0,0,0.00,1,335000,"[14,14,14,14,14,71,100,29,14,29,14,14]",1582408879,"Image pack, Site links, Reviews, AdWords top"
verre prenom,58,58,170,73.95,0.28,https://wobz.fr/gobelet-personnalise-mariage-cadre.html,0,0,0.00,1,561000,"[15,19,15,19,15,19,67,100,44,23,23,35]",1584010533,"Image pack, Site links, Reviews"
gobelet,59,50,6600,78.65,0.62,https://wobz.fr/,0,0,0.00,1,6350000,"[67,81,81,81,81,81,81,81,81,100,100,100]",1584630097,"Knowledge panel, Site links, Reviews"
verre plastique serigraphié personnalisé,25,25,90,59.83,0.58,https://wobz.fr/gobelet-personnalise-25cl-impression-serigraphie-2-couleurs.html,0,0,0.00,1,73,"[0,0,0,0,100,14,14,14,14,14,43,43]",1582331969,"Image pack, Site links, Reviews, Video, AdWords top, Shopping ads"
50 cl to l,75,75,40,78.22,0.00,https://wobz.fr/gobelet-personnalise-50cl-qualite-photo-impression-7cm.html,0,0,0.00,0,1730000000,"[14,57,14,14,100,14,14,14,71,71,29,14]",1583171566,"Instant answer, Reviews, People also ask"
vin blanc mojito,75,75,70,74.28,0.00,https://wobz.fr/verre-mojito-personnalise-blanc.html,0,0,0.00,0.96,469000,"[6,41,6,6,29,100,65,18,18,24,6,18]",1584259345,"Image pack, Reviews, Image, Shopping ads, Video Carousel"
verres plastiques personnalisés,57,57,210,65.06,0.88,https://wobz.fr/gobelet-personnalise-noces-d-or-50-ans.html,0,0,0.00,1,87800,"[28,54,28,28,67,100,82,44,54,67,54,36]",1583940834,"Image pack, Site links, Reviews, AdWords top"
gobelet personnalisé prénom,16,16,170,70.42,0.46,https://wobz.fr/gobelet-personnalise-mariage-cadre.html,0,0,0.00,1,899000,"[15,15,23,35,44,67,100,67,44,15,15,23]",1584444173,"Image pack, Site links, Reviews, Video"
noce argent,98,98,210,82.06,0.00,https://wobz.fr/gobelet-personnalise-pour-noce-d-argent-25-ans.html,0,0,0.00,0,1280000,"[81,66,81,81,81,100,100,81,66,44,44,53]",1584493520,"Knowledge panel, Site links, Reviews, Video Carousel"
coffret vin personnalisé pas cher,38,38,50,73.34,1.94,https://wobz.fr/coffrets.html,0,0,0.00,1,1120000,"[11,11,22,56,11,11,100,22,33,11,11,56]",1583723212,"Image pack, Reviews"
photo sur verre pur,18,18,50,72.55,0.57,https://wobz.fr/verre-a-eau-personnalise-pure-en-plastique-qualite-photo.html,0,0,0.00,1,19400000,"[0,0,0,0,0,0,0,0,0,0,0,100]",1583074707,"Image pack, Site links, Reviews, Video, Image"
gobelets réutilisables personnalisés,21,21,720,61.21,0.73,https://wobz.fr/,0,0,0.00,1,58100,"[59,72,88,100,100,88,72,72,39,48,39,88]",1584180132,"Image pack, Site links, Reviews, AdWords top, Shopping ads"
gobelets com,38,38,110,50.18,0.85,https://wobz.fr/gobelets-pre-personnalises,0,0,0.00,0.63,6140000,"[43,33,67,67,100,67,67,67,33,24,33,14]",1582406812,"Image pack, Site links, Reviews"
verre mojito,31,0,1300,85.55,0.17,https://wobz.fr/mojito-personnalises,0,0,0.00,1,955000,"[25,25,37,54,79,100,100,54,37,54,67,37]",1584615574,"Image pack, Reviews, Image"
timbale personnalisable,32,32,90,65.83,0.41,https://wobz.fr/gobelet-personnalise-noces-d-or-50-ans.html,0,0,0.00,1,61900,"[9,9,9,9,9,9,9,9,36,27,9,100]",1583836156,"Image pack, Site links, Reviews"
verre a vin gradué 12 cl,21,21,50,63.19,0.36,https://wobz.fr/gobelets-personnalises/gobelet-personnalise-jaune-25cl-qualite-photo.html,0,0,0.00,1,29,"[44,56,78,56,78,44,33,33,78,56,100,56]",1583060247,"Image pack, Reviews, AdWords top, AdWords bottom, Shopping ads"
customiser des verres,21,21,50,72.09,0.00,https://wobz.fr/verres-personnalises-plastique,0,0,0.00,0.61,303000,"[25,25,25,50,25,75,75,25,100,25,25,25]",1582352384,"Image pack, Reviews, Video, Featured snippet, Video Carousel"
just design shop avis,79,79,50,86.59,0.00,https://wobz.fr/gobelet-personnalise-mariage-just-married.html,0,0,0.00,0.06,22000000,"[0,43,14,43,14,14,57,14,14,14,14,100]",1583839306,Reviews
gobelet réutilisable 33cl,23,23,590,63.48,0.70,https://wobz.fr/gobelet-personnalise-33cl-qualite-photo-impression-7cm.html,0,0,0.00,1,85,"[36,67,67,82,100,67,55,55,55,44,36,67]",1584244841,"Image pack, Site links, Reviews, Video, AdWords bottom, Shopping ads"
verre personnalisé mariage,16,16,320,65.23,0.39,https://wobz.fr/gobelet-personnalise-mariage-car.html,0,0,0.00,1,14000000,"[36,44,29,54,81,81,100,66,81,54,44,24]",1584100856,"Image pack, Site links, Reviews, AdWords top, AdWords bottom, Shopping ads"
gobelet plastique cocktail,45,45,90,69.8,0.00,https://wobz.fr/verres-personnalises-en-tritan/verres-a-cocktail-personnalises-en-plastique.html,0,0,0.00,1,323000,"[33,44,56,11,11,11,100,11,11,11,11,22]",1582623185,"Image pack, Reviews, AdWords bottom, Shopping ads, Video Carousel"
coffret de vin personnalisée,44,44,40,65.94,0.57,https://wobz.fr/coffrets/coffrets-a-vin.html,0,0,0.00,1,2180000,"[21,100,7,21,29,7,7,7,7,7,7,7]",1582258898,"Image pack, Site links, Reviews, Video, AdWords top, Shopping ads"
verre de biere plastique,96,96,70,70.5,0.00,https://wobz.fr/verres-personnalises/verres-a-biere-personnalises.html?___store=wz_fr,0,0,0.00,0.86,3330000,"[22,11,0,0,33,11,100,11,22,44,11,11]",1582664544,"Image pack, Reviews"
coupe a vin personnalisé,30,30,70,65.21,0.00,https://wobz.fr/verres-personnalises/verres-a-vin-personnalises.html?___store=wz_fr,0,0,0.00,0,1350000,"[0,0,0,100,0,0,0,0,0,0,0,0]",1582792189,"Image pack, Site links, Reviews, Video"
verre en plastique personnalisable,55,55,90,65.7,0.75,https://wobz.fr/,0,0,0.00,1,464000,"[5,14,10,5,100,52,5,100,52,5,5,14]",1583989468,"Image pack, Site links, Reviews, AdWords top, AdWords bottom, Shopping ads"
4 images 1 mot gobelet,14,14,70,73.34,0.00,https://wobz.fr/gobelet-personnalise-25cl-qualite-photo.html,0,0,0.00,0,66,"[14,14,14,29,14,100,57,14,29,14,29,29]",1582615017,"Image pack, Reviews, Video"
verre a biere personnalisé,41,41,320,71.02,0.57,https://wobz.fr/verres-personnalises/verres-a-biere-personnalises.html,0,0,0.00,1,97,"[15,29,29,44,54,24,29,36,36,82,100,24]",1584165729,"Image pack, Reviews, Video, AdWords top, Shopping ads"
just married mariage,96,96,70,80.14,0.00,https://wobz.fr/gobelet-personnalise-mariage-just-married.html,0,0,0.00,0,19300000,"[0,0,0,11,11,11,11,100,11,0,0,0]",1584160358,"Image pack, Reviews, Video Carousel"
beaux verres a eau,29,29,50,85.66,0.00,https://wobz.fr/verres-personnalises-plastique,0,0,0.00,0.96,96,"[0,0,0,0,0,0,0,0,0,0,100,100]",1584211711,"Image pack, Site links, Reviews, Video"
contenant gobelet plastique,22,22,50,75.79,0.00,https://wobz.fr/gobelet-vierge-25-cl.html,0,0,0.00,1,514000,"[67,33,33,33,33,33,33,33,33,100,33,33]",1584422562,"Image pack, Reviews, Shopping ads"
gobelet biere personnalisé mariage,12,12,70,64.97,0.79,https://wobz.fr/gobelet-personnalise-mariage-car.html,0,0,0.00,1,55,"[0,0,0,0,0,0,29,14,14,29,100,14]",1584434124,"Image pack, Site links, Reviews"
texte evjf,31,31,50,72.26,0.00,https://wobz.fr/gobelet-personnalise-pour-evjf-vs-evjg.html,0,0,0.00,0,138000,"[12,6,6,6,6,100,82,6,6,41,6,6]",1583897538,"Image pack, Site links, Reviews, Video"
gobelet sur mesure,23,23,70,71.93,0.92,https://wobz.fr/gobelet-personnalise-33cl-qualite-photo-impression-7cm.html,0,0,0.00,1,6350000,"[11,11,11,100,11,11,11,11,33,11,11,11]",1583716370,"Image pack, Site links, Reviews, Video"
bambi information,59,59,40,86.4,0.00,https://wobz.fr/gobelet-personnalise-pour-naissance-bambi.html,0,0,0.00,0,45700000,"[100,100,0,0,0,0,0,0,0,100,0,0]",1583465158,"Knowledge panel, Reviews, Video, Video Carousel"
verre à vin de qualité,48,48,90,73.14,0.30,https://wobz.fr/verre-a-vin-personnalise-cabernet-en-plastique-qualite-photo.html,0,0,0.00,1,27000000,"[25,100,50,25,0,25,50,25,50,25,25,25]",1582372753,"Image pack, Site links, Reviews, Featured snippet, Shopping ads, People also ask"
flute maghreb,44,44,50,77.49,0.00,https://wobz.fr/gobelet-personnalise-mariage-maghreb.html,0,0,0.00,0,1080000,"[5,5,5,10,5,5,5,24,5,52,100,19]",1584190910,"Image pack, Site links, Reviews, Video"
gobelet anniversaire,49,49,210,76.51,0.34,https://wobz.fr/gobelet-anniversaire-elements.html,0,0,0.00,1,978000,"[53,66,53,66,81,81,66,81,81,81,44,100]",1584525910,"Image pack, Reviews, Video"
mariage oriental 2018,90,90,50,27.15,0.00,https://wobz.fr/gobelet-personnalise-mariage-oriental.html,0,0,0.00,0.5,11700000,"[14,71,14,71,14,14,14,100,14,29,14,43]",1582931060,"Image pack, Reviews, Video"
gobelet com,39,39,140,47.63,0.61,https://wobz.fr/,0,0,0.00,0.59,30700000,"[35,42,65,81,100,81,65,54,35,27,27,15]",1582309758,"Site links, Reviews, Video"
gourde verre incassable,27,0,140,71.06,0.32,https://wobz.fr/gourdes-personnalisees,0,0,0.00,1,87100,"[28,100,66,34,34,34,44,53,22,34,22,22]",1584576369,"Image pack, Site links, Reviews, AdWords top, Shopping ads"
gourde verre incassable,28,34,140,71.06,0.32,https://wobz.fr/gourdes-personnalisees-tacx-shiva-7cm-500ml.html,0,0,0.00,1,87100,"[28,100,66,34,34,34,44,53,22,34,22,22]",1584576369,"Image pack, Site links, Reviews, AdWords top, Shopping ads"
bouteille champagne personnalisée,91,91,210,67.87,0.98,https://wobz.fr/bouteille-d-eau-personnalisee.html,0,0,0.00,1,486000,"[44,44,53,66,100,66,66,66,81,81,100,81]",1583621859,"Image pack, Site links, Reviews, AdWords top, Shopping ads"
flute champagne tritan,16,16,50,62.66,0.00,https://wobz.fr/flute-a-champagne-personnalisee-effervescence-en-plastique-qualite-photo.html,0,0,0.00,1,175000,"[100,0,25,0,50,0,50,25,0,50,25,25]",1582833303,"Image pack, Reviews, Video, Shopping ads"
gobelet reutilisable prenom,53,53,40,62.24,0.44,https://wobz.fr/gobelet-personnalise-mariage-cadre.html,0,0,0.00,1,92,"[36,27,9,9,9,9,18,100,9,45,9,64]",1584315311,"Image pack, Site links, Reviews"
verre a biere pas cher,47,47,260,81.61,0.23,https://wobz.fr/verres-personnalises/verres-a-biere-personnalises.html,0,0,0.00,1,281000,"[44,54,67,67,67,44,54,44,35,54,100,29]",1584173343,"Local pack, Image pack, Site links, Reviews, AdWords top, Shopping ads"
gobelet réutilisable 25 cl,23,23,210,65.95,0.74,https://wobz.fr/gobelet-vierge-25-cl.html,0,0,0.00,1,88,"[44,66,81,100,100,81,66,53,66,53,44,100]",1584261183,"Image pack, Site links, Reviews"
gobelet en plastique personnalisé,58,58,90,61.16,0.68,https://wobz.fr/,0,0,0.00,1,309000,"[7,14,7,14,7,7,79,7,100,79,14,7]",1582787308,"Image pack, Site links, Reviews, AdWords top, AdWords bottom, Shopping ads"
vin personnalisé,64,64,320,68.88,0.48,https://wobz.fr/verre-a-vin-personnalise-cabernet-en-plastique-qualite-photo.html,0,0,0.00,1,9110000,"[24,44,36,54,44,36,29,36,36,67,100,29]",1584442980,"Local pack, Image pack, Site links, Reviews"
gobelet personnalisé pour anniversaire,20,20,110,58.92,0.77,https://wobz.fr/gobelet-anniversaire-cheers.html,0,0,0.00,1,580000,"[24,24,24,43,43,67,67,67,67,100,67,43]",1583406187,"Image pack, Site links, Reviews, Video, AdWords top, Shopping ads"
verre gobelet prenom,21,21,50,66.05,0.00,https://wobz.fr/gobelet-personnalise-mariage-cadre.html,0,0,0.00,0.43,301000,"[40,40,20,100,20,100,20,20,40,20,40,20]",1584160126,"Image pack, Site links, Reviews, Shopping ads"
verre à bière personnalisé photo,46,46,90,70.71,0.46,https://wobz.fr/gobelet-personnalise-33cl-qualite-photo-impression-7cm.html,0,0,0.00,1,3770000,"[11,22,11,33,56,44,11,100,11,22,11,11]",1583989468,"Image pack, Reviews, Image, AdWords top, AdWords bottom, Shopping ads"
fleur en gobelet,25,25,40,72.85,0.00,https://wobz.fr/gobelet-mariage-bouquet-de-fleurs.html,0,0,0.00,0,1220000,"[100,100,100,100,100,100,100,100,0,0,0,0]",1582770024,"Image pack, Reviews, Shopping ads, Video Carousel"
photo sur plastique,46,46,70,79.73,0.61,https://wobz.fr/verre-a-vin-personnalise-cabernet-en-plastique-qualite-photo.html,0,0,0.00,1,140000000,"[14,71,100,14,29,14,14,29,100,29,14,14]",1584209646,"Image pack, Site links, Reviews, Video Carousel"
verre en polypropylène,76,76,50,71.59,0.00,https://wobz.fr/verre-mojito-personnalise-blanc.html,0,0,0.00,0.92,3520000,"[57,29,14,14,14,29,71,14,100,14,14,14]",1583974081,"Image pack, Site links, Reviews, Shopping ads"
gobelet personnalisé unité,31,31,40,57.49,0.45,https://wobz.fr/gobelet-personnalise-25cl-qualite-photo.html,0,0,0.00,0.9,257000,"[6,12,6,18,12,6,24,6,100,6,6,12]",1583058772,"Image pack, Site links, Reviews, Video, AdWords top, AdWords bottom, Shopping ads"
gourde personnalisée photo,55,55,110,65.9,0.91,https://wobz.fr/gourdes-personnalisees,0,0,0.00,1,1160000,"[10,19,19,24,33,67,43,33,67,81,100,100]",1583015512,"Image pack, Reviews, Shopping ads"
coffret de biere,72,72,720,77.14,0.44,https://wobz.fr/coffrets/coffrets-a-biere.html,0,0,0.00,1,8210000,"[7,9,6,11,16,11,11,11,20,53,100,11]",1584558065,"Local pack, Image pack, Site links, Reviews, Shopping ads"
gobelet personnalisé anniversaire pas cher,33,33,320,65.68,0.67,https://wobz.fr/gobelets-thematiques.html,0,0,0.00,1,93,"[23,23,44,67,54,100,100,81,81,81,35,29]",1583827930,"Image pack, Site links, Reviews, Image, Shopping ads"
personnalisation verre,18,18,90,65.73,0.66,https://wobz.fr/verres-personnalises-en-verre,0,0,0.00,0.97,51800000,"[64,82,82,64,82,82,100,100,100,82,100,82]",1584418054,"Site links, Reviews, Shopping ads, Video Carousel"
acheter cigogne naissance,28,28,50,80.25,0.00,https://wobz.fr/gobelet-personnalisable-naissance-effet-brode.html,0,0,0.00,0,1830000,"[14,14,43,0,14,0,0,100,0,43,0,0]",1583973171,"Image pack, Reviews, Video, Shopping ads"
game verre,89,89,50,83.79,0.00,https://wobz.fr/,0,0,0.00,0.73,24200000,"[14,29,14,29,14,14,29,100,14,100,43,14]",1584345806,"Knowledge panel, Image pack, Site links, Reviews"
gobelet plastiques réutilisables personnalisés,92,92,70,56.76,0.78,https://wobz.fr/,0,0,0.00,1,176000,"[100,33,11,33,11,11,44,78,11,33,11,11]",1582485651,"Image pack, Site links, Reviews"
opaque photo,68,68,70,70.24,0.00,https://wobz.fr/gobelet-personnalise-blanc-25cl-qualite-photo.html,0,0,0.00,0.29,246000000,"[14,14,14,14,29,0,14,14,14,43,0,100]",1582526041,"Image pack, Reviews"
bouquet fleur mariage,79,79,480,85.34,0.40,https://wobz.fr/gobelet-mariage-bouquet-de-fleurs.html,0,0,0.00,1,34300000,"[44,67,67,67,67,100,82,100,82,54,54,82]",1584241121,"Image pack, Site links, Reviews, Video Carousel, FAQ"
produits personnalisés,43,43,170,75.83,0.36,https://wobz.fr/,0,0,0.00,1,288000000,"[42,54,35,65,54,42,42,65,65,100,100,81]",1584165787,"Site links, Reviews, FAQ"
gobelet bleu,52,52,110,75.46,0.24,https://wobz.fr/gobelet-personnalise-bleu-fonce-25cl-serigraphie-1-couleur.html,0,0,0.00,1,6170000,"[79,64,50,64,100,100,100,79,79,79,79,64]",1583966570,"Image pack, Reviews, Shopping ads"
image verre cocktail,33,33,110,87.14,0.00,https://wobz.fr/tubo-long-drink-personnalise-impression-qualite-photo-14-cm.html,0,0,0.00,0.98,9370000,"[43,33,33,43,52,52,100,81,67,43,43,33]",1583341547,"Image pack, Reviews, Image"
verre plastique avec prenom,20,20,70,67.48,0.51,https://wobz.fr/gobelet-personnalise-mariage-cadre.html,0,0,0.00,1,144000,"[1,1,3,4,3,3,1,100,54,24,1,4]",1582286431,"Image pack, Site links, Reviews, Video, Shopping ads"
gobelet personnalisé pas cher,36,36,480,67.05,0.70,https://wobz.fr/gobelet-mariage-bouquet-de-fleurs.html,0,0,0.00,1,352000,"[36,44,67,82,82,100,67,36,30,44,36,55]",1584431966,"Image pack, Site links, Reviews, FAQ"
verre a vin personnalisé avec photo,26,26,50,66.86,0.45,https://wobz.fr/verre-a-vin-personnalise-cabernet-en-plastique-qualite-photo.html,0,0,0.00,1,11100000,"[14,14,14,29,14,29,14,14,100,14,14,57]",1582981554,"Image pack, Site links, Reviews, Image, Shopping ads"
verre a vin personnalisée,34,34,50,71.22,0.00,https://wobz.fr/verres-personnalises/verres-a-vin-personnalises.html,0,0,0.00,0,10200000,"[0,0,43,14,29,100,0,14,0,14,14,0]",1583694127,"Image pack, Reviews, Video, Image, AdWords bottom, Shopping ads"
verre cocktail personnalisé,19,19,40,62.55,0.46,https://wobz.fr/tubo-long-lime-personnalise-blanc-impression-qualite-photo-14cm.html,0,0,0.00,0.98,758000,"[11,11,11,11,11,11,100,22,11,11,22,22]",1582217377,"Image pack, Reviews"
gobelet avec son prenom,38,38,110,70.1,0.28,https://wobz.fr/gobelet-personnalise-mariage-cadre.html,0,0,0.00,1,364000,"[0,0,0,0,0,28,100,82,28,23,28,28]",1584163490,"Image pack, Site links, Reviews, Video"
verre a vin en plastique,33,33,170,75.4,0.29,https://wobz.fr/verre-a-vin-pool-party-vierge-en-plastique.html,0,0,0.00,1,7360000,"[54,54,81,100,81,81,65,65,65,65,65,65]",1584490010,"Image pack, Reviews, Video"
verre plastique incassable,30,30,90,62.95,0.35,https://wobz.fr/verres-personnalises-plastique,0,0,0.00,1,422000,"[67,52,33,33,43,43,67,52,100,24,19,19]",1583679901,"Image pack, Site links, Reviews, Video Carousel"
mariage chateau gaillard,47,47,40,55.24,0.00,https://wobz.fr/gobelet-personnalise-mariage-car.html,0,0,0.00,0.19,99,"[43,100,14,14,14,14,14,43,0,43,14,14]",1582220801,"Local pack, Image pack, Site links, Reviews, Video"
gobelet doré,69,69,170,85.14,0.18,https://wobz.fr/gobelet-personnalise-mariage-cadre.html,0,0,0.00,1,933000,"[35,42,54,65,81,54,54,65,54,65,100,81]",1583529714,"Image pack, Site links, Reviews"
verre a vin personnalisé,46,46,110,72.4,0.57,https://wobz.fr/verre-cabernet-personnalise-53cl.html,0,0,0.00,1,2380000,"[28,22,22,22,34,34,16,22,22,22,66,100]",1583449557,"Image pack, Site links, Reviews, AdWords top, AdWords bottom, Shopping ads, Video Carousel"
impression gobelet plastique,48,48,40,64.5,0.44,https://wobz.fr/gobelet-personnalise-33cl-qualite-photo-impression-7cm.html,0,0,0.00,1,461000,"[20,40,20,20,80,60,60,20,20,100,20,20]",1582794052,"Image pack, Site links, Reviews, AdWords top, Shopping ads, Video Carousel"
verres personnalisés,21,21,480,67.27,0.57,https://wobz.fr/verres-personnalises-en-verre,0,0,0.00,1,25700000,"[54,54,66,81,81,81,66,81,66,100,100,66]",1584288787,"Image pack, Site links, Reviews, Video Carousel, FAQ"
verre personnalisé plastique,20,20,170,66.03,0.33,https://wobz.fr/verres-personnalises-plastique,0,0,0.00,1,4170000,"[44,53,66,66,53,100,100,53,28,34,53,66]",1584378812,"Image pack, Site links, Reviews"
noce de 50 ans,78,78,260,85.34,0.00,https://wobz.fr/gobelet-personnalise-noces-d-or-50-ans.html,0,0,0.00,0,2320000,"[54,67,82,82,67,82,100,100,54,54,44,67]",1583773295,"Knowledge panel, Site links, Reviews, Featured snippet, Video Carousel, People also ask"
verre réutilisable personnalisé,29,29,110,62.36,0.86,https://wobz.fr/,0,0,0.00,1,899000,"[14,24,67,81,100,52,33,24,43,67,67,24]",1583633290,"Image pack, Site links, Reviews, AdWords top, Shopping ads"
la que a mojito,12,12,50,79.43,0.00,https://wobz.fr/mojito-personnalises,0,0,0.00,0,17200000,"[25,25,25,100,25,50,0,50,0,100,25,100]",1583672493,"Image pack, Reviews, Image, Video Carousel"
verres à eau,95,95,880,86.86,0.17,https://wobz.fr/verre-a-eau-personnalise-pure-en-plastique-qualite-photo.html,0,0,0.00,1,33000000,"[25,30,25,25,25,37,30,30,37,67,100,42]",1584433389,"Image pack, Reviews, AdWords bottom, Shopping ads, Video Carousel"
coffret biere et verre,95,95,70,75.75,0.41,https://wobz.fr/coffrets/coffrets-a-biere.html,0,0,0.00,1,201000,"[82,6,18,24,6,6,6,6,6,6,12,100]",1583145407,"Image pack, Reviews, Shopping ads"
accessoire mariage marocain,37,37,90,71.85,0.00,https://wobz.fr/gobelet-personnalise-pour-mariage-marocain.html,0,0,0.00,1,96,"[33,11,11,33,11,22,11,11,100,11,11,11]",1582872680,"Image pack, Reviews, Video, Video Carousel"
gobelet personnalisé ecole,44,0,390,63.75,0.69,https://wobz.fr/gobelets-thematiques.html,0,0,0.00,1,98,"[14,26,32,32,32,88,100,39,21,17,14,21]",1584593855,"Image pack, Site links, Reviews, Video"
verre enfant personnalisé,22,22,110,57.8,0.38,https://wobz.fr/gobelet-personnalise-naissance-moon.html,0,0,0.00,1,5420000,"[9,6,16,22,16,28,100,100,53,16,22,22]",1582508302,"Image pack, Site links, Reviews, Video, AdWords top, AdWords bottom, Shopping ads"
flute champagne quantité,38,38,40,79.28,0.00,https://wobz.fr/flute-a-champagne-personnalisee-effervescence-en-plastique-qualite-photo.html,0,0,0.00,0.71,203000,"[0,0,29,100,14,14,14,14,14,29,29,14]",1584374431,"Image pack, Reviews, Featured snippet, People also ask"
gourde vélo personnalisée,46,46,90,59.66,0.52,https://wobz.fr/gourdes-personnalisees,0,0,0.00,1,292000,"[25,75,25,50,25,25,75,25,25,25,100,25]",1582370447,"Image pack, Reviews"
tacx france contact,57,57,70,72.93,0.00,https://wobz.fr/gourdes-personnalisees.html,0,0,0.00,0.11,1380000,"[100,14,71,43,14,14,14,43,14,14,14,14]",1583882930,"Image pack, Reviews, Video"
verres incassables,80,80,110,65.1,0.28,https://wobz.fr/verres-personnalises-plastique,0,0,0.00,1,1620000,"[82,53,100,65,82,65,82,82,65,53,65,82]",1583604626,"Local pack, Image pack, Site links, Reviews, Video, AdWords top, Video Carousel"
cocktail long,88,88,90,74.83,0.00,https://wobz.fr/tubo-long-drink-personnalise-impression-qualite-photo-14-cm.html,0,0,0.00,0.75,1200000000,"[33,33,67,33,33,33,33,33,33,33,33,100]",1582549846,"Image pack, Reviews, Image, Video Carousel"
verre cocktail long drink,67,67,50,73.46,0.38,https://wobz.fr/tubo-long-drink-personnalise-impression-qualite-photo-14-cm.html,0,0,0.00,1,2240000,"[0,0,0,0,0,0,0,0,0,0,0,100]",1583050278,"Image pack, Reviews, Video, Image"
verre en plastique dur réutilisable personnalisé,56,56,90,64.5,0.51,https://wobz.fr/,0,0,0.00,1,256000,"[24,41,41,53,65,82,82,100,82,53,53,53]",1583672609,"Image pack, Site links, Reviews, Shopping ads"
flute a champagne personnalisé,71,71,110,74.31,0.37,https://wobz.fr/verres-personnalises-plastique,0,0,0.00,1,68200,"[65,82,100,82,29,65,53,53,53,53,65,29]",1584359857,"Image pack, Reviews"
image de flute de champagne,84,84,50,83.99,0.00,https://wobz.fr/flute-a-champagne-personnalisee.html,0,0,0.00,0.12,8820000,"[50,50,100,25,25,25,25,25,50,25,50,75]",1583424588,"Image pack, Reviews, Video"
noce 70 ans,29,29,320,82.64,0.00,https://wobz.fr/gobelet-personnalise-noces-de-platine-70-ans.html,0,0,0.00,0,1420000,"[82,82,100,100,100,100,100,82,82,67,67,54]",1584187298,"Image pack, Reviews, Featured snippet, Video Carousel, People also ask"
verre cocktail plastique,38,38,210,73.81,0.19,https://wobz.fr/verres-personnalises-en-tritan/verres-a-cocktail-personnalises-en-plastique.html,0,0,0.00,1,2130000,"[44,53,66,81,81,100,81,66,53,53,53,34]",1584518885,"Image pack, Reviews, Video, Shopping ads"
verre a vin de qualite,48,48,50,84.01,0.39,https://wobz.fr/verre-a-vin-personnalise-cabernet-en-plastique-qualite-photo.html,0,0,0.00,1,374000,"[25,0,25,25,25,25,50,25,100,25,25,75]",1584406997,"Site links, Reviews, Video, Featured snippet, AdWords top, AdWords bottom, Shopping ads"
50 ans de mariage message,65,65,70,76.19,0.00,https://wobz.fr/gobelet-personnalise-noces-d-or-50-ans.html,0,0,0.00,0.44,44400000,"[33,22,11,11,22,22,33,11,22,100,11,11]",1583929169,"Reviews, Video, Featured snippet"
verre à mojito,29,29,390,82.98,0.17,https://wobz.fr/verre-mojito-personnalise-blanc.html,0,0,0.00,1,1100000,"[19,19,24,30,55,67,100,82,36,36,44,67]",1584083574,"Image pack, Reviews, Image, Shopping ads"
enverre,62,62,50,53.57,0.00,https://wobz.fr/verres-personnalises-en-verre,0,0,0.00,0.44,46800000,"[11,11,11,11,11,11,22,100,11,11,11,11]",1582873235,"Image pack, Reviews"
gobelet personnalisé mariage pas cher,16,16,320,65.67,0.46,https://wobz.fr/gobelet-mariage-bouquet-de-fleurs.html,0,0,0.00,1,89,"[81,67,44,100,100,67,54,67,54,44,35,100]",1584466256,"Image pack, Site links, Reviews"
champagne halloween,67,67,50,76.19,0.00,https://wobz.fr/gobelets-thematiques/halloween.html,0,0,0.00,0.1,74900000,"[20,20,0,0,0,0,0,0,20,20,100,20]",1584061060,"Image pack, Reviews, Image, Video Carousel"
verre a rhum personnalisé,44,0,110,75.01,0.26,https://wobz.fr/mojito-personnalises,0,0,0.00,1,90,"[13,13,28,44,18,18,10,13,13,67,100,13]",1584573719,"Image pack, Site links, Reviews, Shopping ads"
verre en plastique a personnaliser,34,34,40,60.2,0.47,https://wobz.fr/verres-personnalises-plastique,0,0,0.00,0.93,3570000,"[0,0,0,14,71,57,100,71,29,14,14,14]",1583162969,"Image pack, Site links, Reviews, Video Carousel"
vin blanc limé,46,46,50,76.38,0.00,https://wobz.fr/tubo-long-lime-vierge-blanc.html,0,0,0.00,0.56,4110000,"[33,33,33,100,33,33,33,33,67,33,33,33]",1583989493,"Site links, Reviews, Featured snippet, Image, Shopping ads"
personnaliser verre biere,34,34,40,58.6,0.51,https://wobz.fr/verres-personnalises/verres-a-biere-personnalises.html,0,0,0.00,1,2470000,"[22,11,100,11,56,11,11,56,11,11,56,22]",1583186942,"Image pack, Reviews, Featured snippet, AdWords top, AdWords bottom, Shopping ads"
qualité photo,83,83,210,77.75,1.23,https://wobz.fr/gobelet-personnalise-33cl-qualite-photo-impression-7cm.html,0,0,0.00,0.16,517000000,"[100,54,54,54,65,65,65,65,81,100,100,100]",1583604223,"Image pack, Reviews, Featured snippet, AdWords bottom, People also ask"
photo verre de vin,43,43,170,88.43,0.00,https://wobz.fr/verre-a-vin-personnalise-cabernet-en-plastique-qualite-photo.html,0,0,0.00,0.89,28000000,"[53,28,34,34,28,44,53,53,66,81,100,81]",1583687238,"Image pack, Reviews"
verre biere personnalisé professionnel,29,29,90,56.08,0.49,https://wobz.fr/verres-personnalises-en-verre,0,0,0.00,1,87,"[64,29,79,79,79,64,50,50,79,79,79,100]",1582368760,"Image pack, Reviews, Image, AdWords bottom"
gobelet rose,33,33,110,65.83,0.30,https://wobz.fr/gobelet-personnalise-rose-25cl-qualite-photo.html,0,0,0.00,1,6270000,"[65,65,65,65,82,82,65,65,65,100,53,65]",1583038730,"Image pack, Site links, Reviews"
gobelet réutilisable personnalisable,56,56,140,62.44,0.86,https://wobz.fr/gobelet-personnalise-33cl-qualite-photo-impression-7cm.html,0,0,0.00,1,40200,"[28,16,13,66,53,28,34,53,44,22,22,100]",1584396221,"Image pack, Site links, Reviews, AdWords top, AdWords bottom, Shopping ads"
gobelet ecocup personnalisable,52,52,50,62.67,0.85,https://wobz.fr/gobelet-personnalise-mariage-car.html,0,0,0.00,1,100,"[100,11,0,0,0,0,11,33,0,0,11,11]",1583492245,"Image pack, Site links, Reviews, AdWords top, Shopping ads"
coffret biere et verre personnalisé,14,14,50,63.31,0.54,https://wobz.fr/coffrets.html,0,0,0.00,1,92,"[100,14,43,14,14,14,29,14,0,14,29,29]",1582347788,"Image pack, Site links, Reviews, Image, AdWords top, AdWords bottom, Shopping ads"
12 cl,38,49,390,74.78,0.00,https://wobz.fr/gobelets-personnalises-12cl,0,0,0.00,0.07,2400000000,"[54,67,54,81,81,100,100,81,100,81,100,100]",1584608399,"Instant answer, Image pack, Reviews, People also ask"
costume evg,25,25,170,69.89,0.14,https://wobz.fr/gobelet-personnalise-evg-costume.html,0,0,0.00,1,186000,"[28,54,67,100,67,36,28,18,13,10,10,36]",1584158130,"Site links, Reviews, Shopping ads"
photo verre de champagne 94,38,38,70,76.51,0.00,https://wobz.fr/gobelet-personnalise-33cl-qualite-photo-impression-7cm.html,0,0,0.00,0,4580000,"[0,0,22,100,11,11,11,44,11,0,33,0]",1582749463,"Image pack, Reviews"
verre à bière personnalisé,34,34,1300,70.16,0.46,https://wobz.fr/verres-personnalises/verres-a-biere-personnalises.html,0,0,0.00,1,5570000,"[25,25,20,34,83,20,20,34,34,83,100,30]",1584533020,"Image pack, Reviews, Image, AdWords top, AdWords bottom, Shopping ads"
verres à bière personnalisés,42,42,70,68.8,0.54,https://wobz.fr/verres-personnalises-en-verre,0,0,0.00,1,5200000,"[25,25,25,75,25,100,25,25,25,25,50,25]",1583530726,"Image pack, Reviews"
verre incassable sur mesure,88,88,70,56.24,0.30,https://wobz.fr/gobelets-thematiques,0,0,0.00,1,0,"[14,14,14,14,14,14,100,14,14,14,14,14]",1583313063,"Image pack, Site links, Reviews, Video, AdWords bottom, Shopping ads"
gobelet réutilisable mariage,15,15,110,60.64,0.72,https://wobz.fr/gobelets-thematiques/mariage.html,0,0,0.00,1,68,"[33,24,52,67,67,81,100,67,67,43,19,52]",1584028820,"Image pack, Site links, Reviews"
verre de vin cl,96,96,720,75.53,1.02,https://wobz.fr/verre-cabernet-personnalise-53cl.html,0,0,0.00,0.06,4170000,"[82,100,100,82,82,100,82,82,100,100,100,100]",1584220811,"Image pack, Reviews, People also ask"
flute champagne personnalisé,75,75,170,71.67,0.46,https://wobz.fr/onlinedesign/index/quickview/id/14/quickview/1/,0,0,0.00,1,74100,"[35,54,54,81,81,65,81,65,54,100,81,81]",1584183786,"Image pack, Reviews, Shopping ads, Video Carousel"
verre à eau,76,68,2400,86.05,0.16,https://wobz.fr/verre-a-eau-lounge-personnalise.html,0,0,0.00,1,118000000,"[24,30,30,35,30,35,35,35,35,67,100,54]",1584651417,"Local pack, Image pack, Reviews, Video Carousel"
gourde personalise,62,62,40,65.33,0.71,https://wobz.fr/gourdes-personnalisees,0,0,0.00,1,3290000,"[14,14,14,14,100,29,14,14,29,14,57,14]",1582739735,"Image pack, Reviews, AdWords top, AdWords bottom, Shopping ads, Video Carousel"
panier oriental,96,96,90,75.71,0.19,https://wobz.fr/gobelet-personnalise-mariage-oriental.html,0,0,0.00,0.97,33600000,"[14,14,100,57,14,14,71,43,29,14,29,14]",1582794226,"Local pack, Image pack, Site links, Reviews, Shopping ads"
gobelet marie,12,12,70,59.28,0.00,https://wobz.fr/gobelet-personnalise-mariage-flowers.html,0,0,0.00,1,2350000,"[0,100,20,0,0,60,20,20,0,20,0,60]",1582319815,"Image pack, Site links, Reviews, Video"
gobelet marie,13,13,70,59.28,0.00,https://wobz.fr/gobelet-mariage-bouquet.html,0,0,0.00,1,2350000,"[0,100,20,0,0,60,20,20,0,20,0,60]",1582319815,"Image pack, Site links, Reviews, Video"
coffret verre a biere,95,0,590,83.98,0.25,https://wobz.fr/coffrets/coffrets-a-biere.html,0,0,0.00,1,200000,"[11,13,13,13,20,11,11,13,13,54,100,11]",1584579694,"Image pack, Reviews"
flute en plastique,49,49,480,78.3,0.27,https://wobz.fr/flute-a-champagne-personnalisee-effervescence-en-plastique-qualite-photo.html,0,0,0.00,1,1310000,"[54,66,54,81,66,54,54,81,81,81,100,100]",1584156523,"Image pack, Reviews, Shopping ads"
verre plastique personnalisé,29,29,1300,67.36,0.45,https://wobz.fr/,0,0,0.00,1,2790000,"[46,46,46,68,100,100,100,84,46,38,38,53]",1584593966,"Image pack, Site links, Reviews, Video, AdWords top, AdWords bottom, Shopping ads"
gobelet pour voiture,38,38,40,81.82,0.19,https://wobz.fr/gobelet-personnalise-mariage-car.html,0,0,0.00,1,6900000,"[33,33,33,100,67,33,33,33,33,67,33,33]",1582356171,"Image pack, Site links, Reviews, Video, AdWords bottom, Shopping ads"
gobelet 25cl,18,18,110,67.57,0.48,https://wobz.fr/gobelet-vierge-25-cl.html,0,0,0.00,1,139000,"[53,53,82,82,100,100,53,65,53,82,53,100]",1584554442,"Image pack, Reviews"
ecocup personnalisé mariage,16,16,140,61.22,0.63,https://wobz.fr/gobelet-personnalise-mariage-car.html,0,0,0.00,1,58,"[52,43,43,52,67,81,100,81,81,81,52,33]",1582560508,"Image pack, Site links, Reviews, Shopping ads"
verre en plastique personnalisé,25,23,260,66.64,0.43,https://wobz.fr/,0,0,0.00,1,2560000,"[24,19,8,15,44,81,100,100,29,29,29,44]",1584615705,"Image pack, Site links, Reviews, AdWords top, Shopping ads, FAQ"
verre canard,51,51,320,73.15,0.18,https://wobz.fr/coffret-champagne-canard-duchene-et-verres-a-vin-en-verre.html,0,0,0.00,1,8220000,"[54,54,54,67,67,67,67,81,81,81,81,100]",1584494021,"Image pack, Reviews, Shopping ads, FAQ"
verre plastique prenom,20,20,210,70.96,0.31,https://wobz.fr/gobelet-personnalise-mariage-cadre.html,0,0,0.00,1,123000,"[3,5,3,5,6,8,36,100,82,24,16,5]",1584098965,"Image pack, Site links, Reviews, Video, Shopping ads, FAQ"
designer champagne flutes,76,76,40,75.73,0.00,https://wobz.fr/flute-a-champagne-personnalisee-effervescence-en-plastique-qualite-photo.html,0,0,0.00,0,12600000,"[14,0,0,100,0,0,0,0,0,0,43,0]",1583672402,"Image pack, Reviews"
gobelet plastique personnalisé,22,33,1000,68.15,0.58,https://wobz.fr/,0,0,0.00,1,332000,"[46,46,46,46,84,100,100,68,53,46,31,46]",1584651484,"Image pack, Site links, Reviews, FAQ"
verre a mojito,32,32,1300,84.72,0.17,https://wobz.fr/verre-mojito-personnalise-blanc.html,0,0,0.00,1,904000,"[20,25,30,42,67,100,100,42,30,37,67,30]",1584158045,"Image pack, Reviews, Image, AdWords bottom, Shopping ads, Video Carousel"
coffret verre mojito,76,76,70,84.12,0.00,https://wobz.fr/coffret-cremant-de-bourgogne-et-verres-a-vin-en-verre.html,0,0,0.00,1,81200,"[14,14,14,29,14,43,29,14,43,100,14,14]",1583955616,"Image pack, Reviews"
gobelet plastique 25 cl,43,43,110,75.67,0.37,https://wobz.fr/gobelet-vierge-25-cl.html,0,0,0.00,1,240000,"[67,100,100,81,67,52,52,52,33,33,24,52]",1584255899,"Image pack, Reviews, Shopping ads"
coffret future mariée,42,42,50,68.13,0.00,https://wobz.fr/gobelet-personnalise-pour-evjf-robe-mariee.html,0,0,0.00,1,593000,"[44,11,11,56,33,78,11,11,100,44,11,44]",1582525255,"Image pack, Reviews, AdWords bottom, Shopping ads"
boule gobelet plastique,61,61,40,86.42,0.00,https://wobz.fr/gobelet-personnalise-mariage-marocain.html,0,0,0.00,0.85,378000,"[14,100,14,14,71,100,29,14,71,29,14,14]",1583879798,"Image pack, Reviews, Video"
mon french gobelet,44,44,140,61.09,0.25,https://wobz.fr/gobelet-personnalise-evg-noeud-papillon.html,0,0,0.00,0.98,433000,"[27,35,54,35,35,65,100,54,35,42,42,42]",1584163044,"Image pack, Site links, Reviews"
couronne fleur mariage,74,74,1600,78.88,0.21,https://wobz.fr/gobelet-personnalise-mariage-en-couronne-de-fleurs.html,0,0,0.00,1,9000000,"[67,67,79,79,79,100,67,54,54,42,37,79]",1584504819,"Local pack, Image pack, Site links, Reviews, Video Carousel, FAQ"
verre personnalisé,52,62,3600,68.24,0.42,https://wobz.fr/,0,0,0.00,1,14400000,"[29,29,29,44,55,44,44,55,44,82,100,44]",1584626399,"Image pack, Site links, Reviews, AdWords bottom, Shopping ads, Video Carousel"
dor et de platine shop,72,72,480,83.62,0.00,https://wobz.fr/gobelet-personnalise-noces-de-platine-70-ans.html,0,0,0.00,0.96,87,"[67,36,24,36,100,44,36,36,55,44,100,44]",1584333083,"Image pack, Site links, Reviews"
texte 50 ans de mariage noces d or,48,48,210,75.94,0.00,https://wobz.fr/gobelet-personnalise-noces-d-or-50-ans.html,0,0,0.00,0.09,636000,"[28,23,36,67,67,82,82,100,67,44,28,13]",1583647472,"Image pack, Site links, Reviews, Video Carousel"
gourde sport personnalisable,55,55,170,66.56,0.88,https://wobz.fr/gourdes-personnalisees-tacx-shiva-7cm-500ml.html,0,0,0.00,1,140000,"[28,13,28,23,23,28,36,28,67,54,67,100]",1583495812,"Image pack, Reviews, AdWords top, AdWords bottom"
jetons buvette personnalisé,32,32,110,48.53,0.70,https://wobz.fr/gobelet-personnalise-translucide-33cl-serigraphie-2-couleurs.html,0,0,0.00,1,39200,"[43,33,43,67,100,67,52,43,67,43,43,33]",1583321652,"Image pack, Site links, Reviews"
rgpd politique de confidentialité,83,83,40,66.34,0.44,https://wobz.fr/politique-de-confidentialite,0,0,0.00,0.33,62500000,"[11,11,11,11,100,11,11,33,56,22,56,22]",1582889378,"Site links, Reviews, Featured snippet"
ibiza fr bleu,49,49,50,87.07,0.00,https://wobz.fr/gobelet-personnalise-evg-ibiza-bleu.html?SID=088b4o0tle3vj3jrj7df0opiaf,0,0,0.00,0.08,2920000,"[25,25,25,25,25,25,25,25,75,25,100,25]",1584388842,"Image pack, Reviews, AdWords top, Video Carousel, FAQ"
texte noces d or 50 ans,98,98,70,75.04,0.00,https://wobz.fr/gobelet-personnalise-noces-d-or-50-ans.html,0,0,0.00,0.05,899000,"[0,14,71,14,29,29,14,29,14,100,14,14]",1584161535,"Image pack, Site links, Reviews, Featured snippet"
just married,53,54,4400,87.91,0.38,https://wobz.fr/gobelet-personnalise-mariage-just-married.html,0,0,0.00,0.03,1160000000,"[100,36,36,54,67,81,81,67,44,36,36,36]",1584576084,"Knowledge panel, Image pack, Site links, Reviews, Video Carousel"
noces de diamant images,58,58,50,84.64,0.00,https://wobz.fr/gobelet-personnalise-noces-de-diamant-noir-et-blanc.html,0,0,0.00,0.21,1860000,"[9,9,9,27,18,0,9,9,9,100,18,64]",1583976674,"Image pack, Reviews, Video"
alliance 25 ans de mariage,47,47,40,79.18,0.78,https://wobz.fr/gobelet-personnalise-noces-d-or-50-ans.html,0,0,0.00,1,10400000,"[25,25,25,25,50,25,25,25,100,25,50,50]",1583460328,"Image pack, Reviews, People also ask"
gobelet réutilisable personnalisé particulier,35,35,40,62.02,0.63,https://wobz.fr/gobelet-personnalise-mariage-marocain.html,0,0,0.00,1,83,"[11,11,11,11,11,100,33,11,22,44,11,11]",1584507940,"Image pack, Site links, Reviews, AdWords top, AdWords bottom, Shopping ads, FAQ"
ceinture porte boisson,45,45,50,80.61,0.00,https://wobz.fr/porte-gobelet-a-accroche-ceinture.html,0,0,0.00,1,11700000,"[11,11,22,11,0,22,100,11,56,11,22,11]",1583965420,"Image pack, Site links, Reviews, Shopping ads"
gobelet plastique 33cl,46,46,210,73.21,0.34,https://wobz.fr/gobelet-personnalise-33cl-qualite-photo-impression-7cm.html,0,0,0.00,1,76,"[34,44,34,66,100,81,81,53,81,66,66,53]",1584097250,"Image pack, Site links, Reviews"
customiser un verre,31,31,50,71.54,0.00,https://wobz.fr/verres-personnalises-plastique,0,0,0.00,1,1710000,"[14,29,29,14,14,43,14,57,14,100,14,43]",1582297849,"Image pack, Site links, Video, Video Carousel"
politique de confidentialité rgpd,91,91,260,67.62,0.48,https://wobz.fr/politique-de-confidentialite,0,0,0.00,0.43,55200000,"[100,100,81,81,100,81,66,81,81,66,66,81]",1584199297,"Site links, Reviews, Featured snippet"
gobelet blanc,67,67,110,67.47,0.48,https://wobz.fr/gobelet-personnalise-blanc-25cl-qualite-photo.html,0,0,0.00,1,11000000,"[79,50,64,79,79,79,100,50,79,100,100,79]",1583107341,"Image pack, Reviews, Video Carousel"
tacx gourde,27,27,90,71.82,0.00,https://wobz.fr/gourdes-personnalisees-tacx-shiva-7cm-500ml.html,0,0,0.00,0.97,62,"[0,0,0,0,0,0,0,0,33,100,33,33]",1582253747,"Image pack, Reviews, Video"
verre doseur personnalisé,46,46,50,49.48,0.60,https://wobz.fr/gobelet-personnalise-blanc-25cl-qualite-photo.html,0,0,0.00,1,118000,"[0,0,11,11,22,11,22,56,33,33,11,100]",1582467635,"Image pack, Site links, Reviews, Shopping ads"
dalvin villeurbanne,8,8,40,78.39,1.50,https://wobz.fr/,0,0,0.00,0.04,53,"[0,0,0,0,0,0,0,65,100,12,12,12]",1582538175,"Knowledge panel, Image pack, Site links, Reviews, Video"
70 ans noces de,69,69,40,80.12,0.00,https://wobz.fr/gobelet-personnalise-noces-de-platine-70-ans.html,0,0,0.00,0,3500000,"[20,100,100,20,20,80,20,100,20,20,20,20]",1583938441,"Image pack, Site links, Reviews, Featured snippet, Video Carousel, People also ask"
mug plastique personnalisé,87,87,110,68,0.59,https://wobz.fr/gobelet-personnalise-mariage-car.html,0,0,0.00,1,491000,"[43,33,24,33,43,24,67,100,67,52,67,81]",1583413497,"Image pack, Site links, Reviews, AdWords top, AdWords bottom, Shopping ads"
flute a champagne en plastique,49,49,90,80.27,0.38,https://wobz.fr/flute-a-champagne-personnalisee-effervescence-en-plastique-qualite-photo.html,0,0,0.00,1,294000,"[14,100,14,14,57,14,14,14,43,43,14,14]",1583340197,"Image pack, Reviews, AdWords top, Shopping ads"
coupe champagne plastique reutilisable,81,81,70,56.16,0.30,https://wobz.fr/flute-a-champagne-personnalisee-effervescence-en-plastique-qualite-photo.html,0,0,0.00,1,99,"[20,100,60,20,20,60,20,20,20,20,20,20]",1583059001,"Image pack, Site links, Reviews, AdWords bottom"
verre a vin réutilisable personnalisé,29,0,40,63.76,0.62,https://wobz.fr/verres-personnalises-en-tritan/verres-a-vin-personnalises-en-plastique.html,0,0,0.00,1,87,"[0,0,0,0,22,22,11,11,33,11,100,22]",1584588260,"Image pack, Site links, Reviews, AdWords top, Shopping ads, FAQ"
gobelets personnalisés mariage pas cher,24,24,70,59.88,0.66,https://wobz.fr/gobelet-mariage-bouquet-de-fleurs.html,0,0,0.00,1,72,"[40,40,40,0,40,20,100,20,20,20,20,20]",1582439310,"Image pack, Site links, Reviews, AdWords top, AdWords bottom, Shopping ads"
verre cabernet,27,27,40,72.93,0.29,https://wobz.fr/verre-a-vin-personnalise-cabernet-en-plastique-qualite-photo.html,0,0,0.00,1,505000,"[22,22,33,33,33,100,33,33,33,44,56,56]",1583203742,"Image pack, Reviews, Video"
coffret de biere pas cher,69,69,90,71.33,0.20,https://wobz.fr/coffrets/coffrets-a-biere.html,0,0,0.00,1,5820000,"[33,33,33,100,33,33,33,67,33,33,33,33]",1582622015,"Local pack, Image pack, Reviews, Video, AdWords top, Shopping ads"
gourde en verre incassable,48,48,110,65.01,0.17,https://wobz.fr/gobelets-thematiques,0,0,0.00,1,53,"[14,24,43,43,33,52,100,67,100,52,52,81]",1583107131,"Image pack, Site links, Reviews, Shopping ads"
ecocup mariage,20,20,1000,64.15,0.47,https://wobz.fr/gobelet-personnalise-mariage-car.html,0,0,0.00,1,73,"[55,63,63,63,81,100,81,63,63,37,30,100]",1584454744,"Image pack, Site links, Reviews, Shopping ads"
coffret vin st emilion,68,68,90,70.5,1.42,https://wobz.fr/coffrets/coffrets-a-vin.html,0,0,0.00,1,263000,"[33,33,33,33,67,0,33,33,0,67,100,33]",1583744316,"Local pack, Image pack, Reviews, AdWords bottom, Shopping ads"
coffret biere personnalisé,22,26,170,68.37,0.37,https://wobz.fr/coffrets/coffrets-a-biere.html,0,0,0.00,1,91,"[19,19,19,35,54,15,15,15,29,81,100,15]",1584633335,"Image pack, Reviews, Image"
coffret cadeau vin personnalise,46,46,40,63.86,0.91,https://wobz.fr/coffrets.html,0,0,0.00,1,880000,"[44,3,3,6,22,3,6,3,6,9,3,100]",1582739688,"Image pack, Site links, Reviews, Video, AdWords bottom, Shopping ads"
verre de vin en plastique,27,0,40,74.1,0.57,https://wobz.fr/verre-a-vin-pool-party-vierge-en-plastique.html,0,0,0.00,1,9120000,"[14,100,14,14,43,14,14,14,14,14,14,29]",1584578445,"Image pack, Reviews, Video"
verre personnalisée,25,25,260,70.66,0.50,https://wobz.fr/verres-personnalises-en-verre,0,0,0.00,1,43400000,"[35,44,44,54,67,54,54,54,54,81,100,54]",1584554812,"Image pack, Site links, Reviews, Video Carousel"
image communion personnalisee,85,85,90,68.7,0.00,https://wobz.fr/gobelets-thematiques,0,0,0.00,1,0,"[2,2,2,2,2,100,2,2,12,2,2,2]",1583243066,"Image pack, Reviews, Video, Shopping ads"
gobelet réutilisable gradué,58,58,50,55.88,1.96,https://wobz.fr/gobelet-personnalise-blanc-25cl-qualite-photo.html,0,0,0.00,1,96,"[0,0,0,0,67,33,33,33,33,100,33,33]",1582352526,"Image pack, Site links, Reviews, AdWords top, AdWords bottom"
gobelet plastique prenom,21,21,210,70.93,0.29,https://wobz.fr/gobelet-personnalise-mariage-cadre.html,0,0,0.00,1,98,"[6,3,5,6,10,30,100,82,24,8,5,6]",1584338630,"Image pack, Site links, Reviews, Video, Shopping ads, FAQ"
coffret vin personnalisé,46,46,320,69.03,0.81,https://wobz.fr/coffrets/coffrets-a-vin.html,0,0,0.00,1,487000,"[36,29,36,36,54,81,44,36,44,66,81,100]",1583913710,"Image pack, Reviews, AdWords top, Shopping ads, Video Carousel"
team de la future mariée,59,59,50,58.39,0.00,https://wobz.fr/gobelet-personnalise-pour-evjf-robe-mariee.html,0,0,0.00,1,3620000,"[0,33,33,67,100,33,33,33,33,33,0,33]",1582872553,"Image pack, Site links, Reviews, Video, Shopping ads"
jumeaux shop,56,56,880,66.89,0.42,https://wobz.fr/gobelet-personnalise-pour-naissance-jumeaux.html,0,0,0.00,0.3,92,"[16,100,30,25,37,30,37,30,37,37,37,42]",1584211350,"Knowledge panel, Image pack, Site links, Reviews, FAQ"
shiva mon compte,91,91,880,83.29,0.59,https://wobz.fr/gourdes-personnalisees-tacx-shiva-7cm-500ml.html,0,0,0.00,0,416000,"[37,68,55,68,55,55,45,68,68,77,77,100]",1584273657,"Reviews, FAQ"
gobelets personnalisés pas cher,81,81,210,66.19,1.27,https://wobz.fr/gobelet-mariage-bouquet-de-fleurs.html,0,0,0.00,0.98,365000,"[34,44,81,81,100,81,81,81,100,53,53,34]",1583501117,"Image pack, Site links, Reviews, AdWords top, AdWords bottom, Shopping ads"
texte 50 ans de mariage,93,93,720,75.08,0.43,https://wobz.fr/gobelet-personnalise-noces-d-or-50-ans.html,0,0,0.00,0.16,40400000,"[26,39,88,59,72,88,100,88,88,59,32,39]",1584273563,"Image pack, Site links, Reviews, Video Carousel"
verre personnalisable mariage,17,17,70,68.84,0.33,https://wobz.fr/gobelet-personnalise-mariage-car.html,0,0,0.00,1,1510000,"[20,20,20,20,20,100,20,20,20,60,20,20]",1583966642,"Image pack, Site links, Reviews, AdWords top, Shopping ads"
mariage marocain site,96,96,50,68.46,0.00,https://wobz.fr/gobelet-personnalise-pour-mariage-marocain.html,0,0,0.00,0.14,11100000,"[0,11,11,11,22,11,11,100,11,0,11,11]",1583037043,"Site links, AdWords top, AdWords bottom, Video Carousel"
champagne personnalisé,82,82,320,66.69,0.57,https://wobz.fr/verres-personnalises/flutes-a-champagne-personnalisees.html?___store=wz_fr,0,0,0.00,1,4880000,"[54,54,81,54,67,81,81,54,67,81,81,100]",1583777231,"Image pack, Site links, Reviews, AdWords top, AdWords bottom"
verre plastique mariage,25,25,110,61.5,0.21,https://wobz.fr/gobelet-personnalise-mariage-flowers.html,0,0,0.00,1,8950000,"[12,8,8,19,35,35,54,100,65,81,81,42]",1582263482,"Image pack, Site links, Reviews, Video"
effervescence champagne,82,82,40,80.71,0.00,https://wobz.fr/flute-a-champagne-personnalisee-effervescence-en-plastique-qualite-photo.html,0,0,0.00,0.75,801000,"[20,20,40,80,20,20,40,40,20,20,20,100]",1584055315,"Image pack, Site links, Video Carousel, People also ask"
jeton personnalisé,47,47,210,60.59,0.52,https://wobz.fr/jeton-personnalise/,0,0,0.00,1,240000,"[81,81,100,65,100,100,65,65,81,81,81,65]",1583702812,"Image pack, Site links, Reviews, Video, Shopping ads"
chaud soleil vin maroc,95,95,70,84.56,0.00,https://wobz.fr/gobelet-personnalise-pour-mariage-marocain.html,0,0,0.00,0,2580000,"[100,11,11,11,11,11,11,11,22,11,11,11]",1583447152,"Image pack, Reviews, Video, Image, Video Carousel"
gobelet prenom,22,22,590,70.81,0.16,https://wobz.fr/gobelet-personnalise-mariage-cadre.html,0,0,0.00,0.99,679000,"[6,6,9,9,21,53,100,68,14,14,14,11]",1584321639,"Image pack, Site links, Reviews, Video"
verre champagne plastique,54,54,110,79.96,0.27,https://wobz.fr/flute-a-champagne-personnalisee-effervescence-en-plastique-qualite-photo.html,0,0,0.00,1,4130000,"[41,29,65,82,100,41,53,65,82,65,82,65]",1584478832,"Image pack, Reviews"
gobelet francais,41,41,40,76.17,0.39,https://wobz.fr/,0,0,0.00,1,6690000,"[0,0,0,0,11,11,11,100,11,11,78,100]",1584218651,"Image pack, Site links, Reviews"
verre pour mariage oriental,36,36,50,71.56,0.00,https://wobz.fr/gobelet-personnalise-mariage-oriental.html,0,0,0.00,1,93,"[0,0,40,20,20,20,20,20,20,20,40,100]",1582653715,"Image pack, Site links, Reviews, Video Carousel"
verre à eau plastique,39,39,50,64.75,0.29,https://wobz.fr/verres-personnalises-en-tritan.html,0,0,0.00,1,40600000,"[25,25,25,50,100,25,25,25,25,50,25,75]",1582762556,"Image pack, Reviews, Shopping ads"
flute champagne reutilisable,84,84,40,65.23,0.60,https://wobz.fr/flute-a-champagne-personnalisee.html,0,0,0.00,1,92800,"[0,0,0,0,33,100,33,33,33,33,33,33]",1584381669,"Image pack, Site links, Reviews, Video, Shopping ads"
les gobelets blancs,86,86,50,65.49,0.00,https://wobz.fr/gobelet-personnalise-blanc-25cl-qualite-photo.html,0,0,0.00,0.29,11200000,"[67,33,33,33,100,33,100,33,33,67,33,67]",1582502718,"Image pack, Reviews"
les plus beau verre a biere,42,42,70,75.25,0.17,https://wobz.fr/verres-personnalises/verres-a-biere-personnalises.html?___store=wz_fr,0,0,0.00,1,6860000,"[14,43,14,14,71,100,14,29,14,14,14,71]",1582658445,"Local pack, Image pack, Site links, Reviews, Video, Featured snippet"
coffret biere noel,97,97,210,76.69,0.72,https://wobz.fr/coffrets/coffrets-a-biere.html,0,0,0.00,1,132000,"[1,1,1,1,0,1,1,1,1,8,55,100]",1583532766,"Image pack, Reviews"
impression verre à vin,22,22,50,61.52,0.00,https://wobz.fr/verres-personnalises/verres-a-vin-personnalises.html?___store=wz_fr,0,0,0.00,1,8660000,"[11,11,22,100,11,11,0,22,0,11,78,11]",1584024115,"Image pack, Reviews"
gourde à personnaliser,63,63,140,69.07,1.19,https://wobz.fr/gourdes-personnalisees.html,0,0,0.00,1,3350000,"[15,27,27,35,42,42,35,100,81,100,81,65]",1584273665,"Image pack, Reviews, AdWords top, Video Carousel, FAQ"
a voiture personnalisé,86,86,50,74.81,0.46,https://wobz.fr/gobelet-personnalise-mariage-car.html,0,0,0.00,0.99,20900000,"[20,20,100,20,80,20,20,80,20,80,100,80]",1583919077,"Image pack, Site links, Reviews, AdWords bottom"
verre à vin réutilisable,82,82,70,66.88,0.54,https://wobz.fr/,0,0,0.00,1,648000,"[0,14,29,14,14,14,14,29,14,14,100,57]",1584186885,"Image pack, Site links, Reviews"
bouteille d eau personnalisable,29,29,70,57.02,0.81,https://wobz.fr/bouteille-d-eau-personnalisee.html,0,0,0.00,1,13300000,"[25,25,25,100,50,25,25,25,25,25,25,25]",1582497054,"Image pack, Site links, Reviews, AdWords top, Shopping ads"
verre rhum personnalisé,47,47,90,70.34,0.28,https://wobz.fr/mojito-personnalises,0,0,0.00,1,98,"[9,64,36,36,27,18,9,9,9,9,9,100]",1583503394,"Image pack, Site links, Reviews, Image"
gobelet personnalisable mariage,23,23,170,68.63,0.51,https://wobz.fr/gobelet-personnalise-mariage-cadre.html,0,0,0.00,1,65,"[65,81,100,81,100,100,81,81,27,35,27,100]",1584219950,"Image pack, Site links"
verre vin plastique,45,45,140,74.2,0.33,https://wobz.fr/verres-personnalises-en-tritan/verres-a-vin-personnalises-en-plastique.html,0,0,0.00,1,8880000,"[43,52,43,43,24,52,67,100,100,67,67,67]",1582207942,"Image pack, Reviews, Video, AdWords top, Shopping ads"
verre de tous les jours,37,37,70,85.77,0.00,https://wobz.fr/verres-personnalises-en-verre,0,0,0.00,0.98,105000000,"[100,18,27,27,9,9,27,18,9,9,9,9]",1582508071,"Image pack, Site links, Reviews, Shopping ads, Video Carousel, People also ask"
flûte à champagne personnalisée,26,26,70,72.85,0.41,https://wobz.fr/flute-a-champagne-personnalisee-effervescence-en-plastique-qualite-photo.html,0,0,0.00,1,310000,"[33,33,33,100,33,33,33,33,33,67,33,33]",1583933523,"Image pack, Reviews, Video"
mentions légales politique de confidentialité rgpd,98,98,40,57.32,0.39,https://wobz.fr/politique-de-confidentialite,0,0,0.00,0.32,68200000,"[11,11,78,11,11,11,22,78,11,100,33,11]",1582622044,"Site links, Reviews, Featured snippet, AdWords top, People also ask"
champagne girly,51,51,50,70.54,0.00,https://wobz.fr/gobelet-personnalise-pour-evjf-girly.html,0,0,0.00,0.46,12300000,"[0,11,44,11,0,11,11,100,11,11,11,11]",1583177927,"Image pack, Reviews, Video, Image"
gobelet mariage pas cher,29,29,110,64.64,0.56,https://wobz.fr/gobelets-pre-personnalises/mariage.html,0,0,0.00,1,564000,"[65,53,82,65,82,82,100,53,41,41,24,29]",1582888909,"Image pack, Site links, Reviews, AdWords top, AdWords bottom, Shopping ads"
verre champagne personnalisé,24,24,90,73.62,0.47,https://wobz.fr/flute-a-champagne-personnalisee-effervescence-en-plastique-qualite-photo.html,0,0,0.00,1,1100000,"[43,14,14,43,14,43,14,43,14,100,14,29]",1583969882,"Image pack, Reviews, AdWords top, Video Carousel"
personnaliser des verres à vin,18,18,70,66,0.43,https://wobz.fr/verres-personnalises/verres-a-vin-personnalises.html?___store=wz_fr,0,0,0.00,1,6740000,"[0,0,0,0,0,0,0,0,0,0,0,100]",1584422872,"Site links, Reviews, Featured snippet, Video Carousel"
pot en verre personnalisé,52,52,70,66.81,0.40,https://wobz.fr/gobelet-corporate-pot.html,0,0,0.00,1,1500000,"[25,25,25,25,100,25,50,100,75,50,25,25]",1583983047,"Image pack, Reviews, Video Carousel"
iml impression,28,28,50,39.52,1.35,https://wobz.fr/gobelet-personnalise-50-cl-iml.html,0,0,0.00,0.15,689000,"[60,20,20,40,40,100,60,20,40,20,40,20]",1584043204,"Image pack, Site links, Video Carousel"
verre plastique mariage personnalisé,17,17,40,65.64,0.41,https://wobz.fr/gobelet-personnalise-mariage-car.html,0,0,0.00,1,2810000,"[0,0,0,0,0,0,0,0,0,0,100,100]",1583850666,"Image pack, Site links, Reviews, Video"
bouteille eau verre personnalisée,47,47,90,63.16,0.62,https://wobz.fr/bouteille-d-eau-personnalisee.html,0,0,0.00,1,5120000,"[0,56,11,22,100,44,56,22,22,11,33,11]",1582567938,"Image pack, Site links, Reviews"
noces d eau,65,65,260,82.3,0.00,https://wobz.fr/gobelet-personnalise-noces-d-or-50-ans.html,0,0,0.00,0,14700000,"[67,54,54,67,82,100,100,82,54,67,67,54]",1584215977,"Image pack, Reviews, Featured snippet"
gourde personnalisée,63,0,3600,68.35,1.34,https://wobz.fr/gourdes-personnalisees,0,0,0.00,1,4250000,"[15,24,24,36,55,55,55,82,67,100,100,55]",1584626398,"Image pack, Reviews, AdWords top, FAQ"
coffret verre champagne,30,30,90,81.17,0.28,https://wobz.fr/coffret-champagne-canard-duchene-et-verres-a-vin-en-verre.html,0,0,0.00,1,1320000,"[0,20,20,20,20,100,40,20,20,80,20,40]",1583711965,"Local pack, Image pack, Site links, Reviews, Shopping ads"
verre à vin personnalisé,39,39,590,70.34,0.43,https://wobz.fr/verres-personnalises/verres-a-vin-personnalises.html,0,0,0.00,1,11400000,"[20,20,20,24,37,20,24,24,30,63,100,30]",1584269954,"Image pack, Site links, Reviews, Image, Shopping ads, Video Carousel"
en verre,85,85,140,76.69,0.00,https://wobz.fr/verres-personnalises-en-verre,0,0,0.00,0.4,176000000,"[54,42,42,42,54,35,54,54,100,65,81,65]",1582484526,"Top stories, Image pack, Site links, Reviews, People also ask"
cl 33,26,26,90,82.54,0.00,https://wobz.fr/gobelet-personnalise-33-cl-iml.html,0,0,0.00,0,1270000000,"[100,0,11,0,0,33,22,22,11,33,0,56]",1584165107,"Image pack, Reviews, Video Carousel"
texte pour noces de platine,28,28,90,74.92,0.00,https://wobz.fr/gobelet-personnalise-noces-de-platine-70-ans.html,0,0,0.00,0.05,656000,"[100,33,33,33,33,67,33,33,67,33,100,67]",1583192831,"Image pack, Reviews, Featured snippet"
shaker cocktail personnalisé,80,80,50,64.37,0.40,https://wobz.fr/verres-personnalises/verres-a-biere-personnalises.html,0,0,0.00,1,215000,"[14,14,57,43,43,100,14,14,14,14,14,14]",1583257123,"Image pack, Reviews"
verre a bière personnalisé,44,44,40,56.44,1.57,https://wobz.fr/verres-personnalises/verres-a-biere-personnalises.html?___store=wz_fr,0,0,0.00,1,597000,"[3,2,13,3,1,1,5,3,100,2,3,1]",1582366641,"Image pack, Reviews"
ibiza rose,45,45,90,71.12,0.00,https://wobz.fr/gobelet-personnalise-evjf-ibiza-rose.html,0,0,0.00,0.16,30900000,"[33,33,33,67,100,33,67,33,33,67,33,33]",1583466069,"Image pack, Site links, Reviews"
message 50 ans,93,93,720,79.65,0.00,https://wobz.fr/gobelet-personnalise-noces-d-or-50-ans.html,0,0,0.00,0,280000000,"[48,72,72,88,100,88,72,72,88,88,59,59]",1584273718,"Image pack, Site links, Reviews, Featured snippet"
gobelet plastique personnalisé ecole,38,38,210,63.88,0.55,https://wobz.fr/gobelets-thematiques.html,0,0,0.00,1,67,"[1,1,1,3,10,55,100,82,10,6,6,6]",1584176673,"Image pack, Site links, Reviews, Video, AdWords bottom, Shopping ads"
evjf ibiza,36,36,140,48.84,0.28,https://wobz.fr/gobelet-personnalise-evjf-ibiza-rose.html,0,0,0.00,0.29,85,"[67,43,52,52,52,52,67,67,81,100,67,67]",1583249351,"Image pack, Reviews, AdWords bottom, Video Carousel"
texte invitation evg,34,34,70,74.82,0.00,https://wobz.fr/gobelet-personnalise-evg-party.html,0,0,0.00,0.39,85,"[33,100,33,100,33,33,33,33,0,33,33,33]",1583013137,"Image pack, Reviews, Video, Featured snippet"
gobelets personnalisés anniversaire,19,19,40,59.72,0.88,https://www.wobz.fr/gobelets-thematiques/anniversaire.html,0,0,0.00,0.98,324000,"[29,100,57,71,71,43,57,71,57,57,43,29]",1584513810,"Image pack, Site links, Reviews, AdWords top, AdWords bottom, Shopping ads"
dor et platine shop,58,58,110,69.39,0.00,https://wobz.fr/gobelet-personnalise-noces-de-platine-70-ans.html,0,0,0.00,0.98,91,"[43,52,33,19,24,67,43,43,43,81,67,100]",1582355273,"Image pack, Site links, Reviews, Video, Shopping ads"
couleur personnalisé,35,35,90,66.82,0.00,https://wobz.fr/gobelet-personnalise-translucide-25cl-serigraphie-1-couleur.html,0,0,0.00,0.86,172000000,"[50,50,50,50,50,100,50,50,50,50,50,50]",1584160044,"Image pack, Reviews"
couronne mariage fleurs,83,83,110,77.24,0.32,https://wobz.fr/gobelet-personnalise-mariage-en-couronne-de-fleurs.html,0,0,0.00,1,13400000,"[41,65,82,53,65,53,65,100,82,82,65,53]",1583699299,"Local pack, Image pack, Site links, Reviews, Video Carousel"
costume pour evg,48,48,40,74.56,0.00,https://wobz.fr/gobelet-personnalise-evg-party.html,0,0,0.00,1,243000,"[0,25,50,25,25,50,25,25,50,25,100,25]",1583551708,"Image pack, Site links, Reviews, Shopping ads"
coffret biere plus verre,87,87,90,70.21,0.51,https://wobz.fr/coffrets/coffrets-a-biere.html,0,0,0.00,1,2740000,"[25,75,25,25,25,50,25,100,25,25,25,25]",1583129510,"Image pack, Reviews"
verre a cocktail mojito,18,18,70,85.45,0.39,https://wobz.fr/verre-mojito-personnalise-blanc.html,0,0,0.00,1,552000,"[11,11,100,11,11,11,33,11,22,22,11,44]",1583975688,"Reviews, Featured snippet, Image, Shopping ads, Video Carousel"
alliance 50 ans de mariage,26,26,40,73.24,0.39,https://wobz.fr/gobelet-personnalise-noces-d-or-50-ans.html,0,0,0.00,1,26200000,"[0,0,0,14,14,57,100,29,14,14,14,14]",1583248388,"Image pack, Reviews, Video, AdWords bottom, Shopping ads, People also ask"
personnalisation verre plastique,24,24,50,64.65,0.00,https://wobz.fr/,0,0,0.00,0.86,8440000,"[25,25,25,50,25,25,100,50,25,100,50,25]",1583397089,"Image pack, Site links, Reviews, Video Carousel"
bouteille réutilisable personnalisée,65,65,90,65.64,0.87,https://wobz.fr/bouteille-d-eau-personnalisee.html,0,0,0.00,1,488000,"[14,14,14,14,14,14,29,14,14,14,100,29]",1583919534,"Image pack, Site links, Reviews"
mot pour 50 ans de mariage,83,83,140,67.25,0.00,https://wobz.fr/gobelet-personnalise-noces-d-or-50-ans.html,0,0,0.00,0.04,111000000,"[14,10,24,67,52,81,81,100,100,81,67,24]",1582850523,"Image pack, Site links, Reviews, Featured snippet, People also ask"
50 ans noces,41,41,40,80.45,0.00,https://wobz.fr/gobelet-personnalise-noces-d-or-50-ans.html,0,0,0.00,0,6500000,"[11,11,56,11,11,100,22,11,11,78,100,11]",1582688630,"Knowledge panel, Site links, Reviews, Video Carousel, People also ask"
gobelet anniversaire personnalisé,21,21,50,47.82,0.54,https://wobz.fr/gobelet-anniversaire-cheers.html,0,0,0.00,0.97,550000,"[0,0,0,0,0,0,0,0,0,0,100,50]",1582568640,"Image pack, Site links, Reviews, AdWords top, AdWords bottom, Shopping ads"
gobelet 50 cl,45,45,140,69.46,0.37,https://wobz.fr/gobelet-personnalise-50cl-qualite-photo-impression-7cm.html,0,0,0.00,1,951000,"[43,52,81,67,100,100,67,67,67,67,67,52]",1583314990,"Image pack, Reviews, AdWords top, Shopping ads"
heart in black,52,52,50,82,0.00,https://wobz.fr/gobelet-personnalisable-pour-mariage-black-heart.html,0,0,0.00,0,5160000000,"[0,0,0,100,67,0,0,0,0,0,33,33]",1583729893,"Image pack, Site links, Reviews, Video Carousel"
flute champagne plastique,64,64,880,82.26,0.36,https://wobz.fr/flute-a-champagne-personnalisee-effervescence-en-plastique-qualite-photo.html,0,0,0.00,1,299000,"[59,88,88,88,100,88,88,100,100,88,88,88]",1584498327,"Image pack, Reviews, Shopping ads"
coffret verre a biere personnalisé,20,20,70,62.77,0.50,https://wobz.fr/coffrets.html,0,0,0.00,1,74,"[3,3,3,3,3,6,3,22,13,100,3,34]",1582920466,"Local pack, Image pack, Reviews, Shopping ads"
coffret verre a biere personnalisé,19,19,70,62.77,0.50,https://wobz.fr/coffrets/coffrets-a-biere.html,0,0,0.00,1,74,"[3,3,3,3,3,6,3,22,13,100,3,34]",1582920466,"Local pack, Image pack, Reviews, Shopping ads"
verre bourgogne,72,72,210,79.18,0.21,https://wobz.fr/coffret-cremant-de-bourgogne-et-verres-a-vin-en-verre.html,0,0,0.00,1,13300000,"[36,36,36,36,36,28,44,44,54,54,82,100]",1583494308,"Image pack, Reviews, Video Carousel"
50 cl en verre,98,98,40,70.29,0.00,https://wobz.fr/gobelets-thematiques,0,0,0.00,0.49,15100000,"[2,2,29,23,23,35,6,2,8,2,2,100]",1582815812,"Image pack, Reviews, Featured snippet, People also ask"
noce 50 ans,58,58,880,83.85,0.00,https://wobz.fr/gobelet-personnalise-noces-d-or-50-ans.html,0,0,0.00,0,2170000,"[55,55,68,68,68,77,100,100,68,68,55,55]",1584061549,"Knowledge panel, Reviews, Featured snippet, Video Carousel, People also ask"
verre personnalisé anniversaire,99,99,140,57.12,0.57,https://wobz.fr/gobelet-personnalise-noces-d-or-50-ans.html,0,0,0.00,1,3930000,"[33,24,52,52,81,81,67,67,81,100,52,43]",1582610788,"Image pack, Site links, Reviews, Video"
gobelet plastique personnalisable,85,85,260,65.5,0.90,https://wobz.fr/,0,0,0.00,1,94900,"[36,44,54,44,67,82,100,100,100,67,82,67]",1583890279,"Image pack, Site links, Reviews"
gobelet noir,39,39,140,79.99,0.33,https://wobz.fr/gobelet-personnalise-noir-25cl-serigraphie-1-couleur.html,0,0,0.00,1,10800000,"[43,52,52,52,67,43,43,67,81,67,67,100]",1584356506,"Image pack, Reviews, Shopping ads"
verres personnalisés mariage,22,22,40,61.79,0.49,https://wobz.fr/gobelet-personnalise-mariage-cadre.html,0,0,0.00,1,0,"[3,3,3,5,100,28,54,100,18,3,3,3]",1583284765,"Image pack, Site links, Reviews, Video, AdWords bottom"
gobelet plastique rigide personnalisé,29,29,70,60.02,0.72,https://wobz.fr/gobelet-personnalise-33cl-qualite-photo-impression-7cm.html,0,0,0.00,1,91,"[100,33,33,33,33,33,33,67,100,33,33,33]",1583083071,"Image pack, Site links, Reviews, Shopping ads"
produits personnalisables,45,45,170,71.12,0.42,https://wobz.fr/,0,0,0.00,1,14700000,"[81,65,42,54,35,65,54,42,42,65,65,100]",1584083378,"Site links, Reviews"
gobelet argent,54,54,110,73.95,0.33,https://wobz.fr/gobelet-personnalise-pour-noce-d-argent-25-ans.html,0,0,0.00,1,1660000,"[79,79,79,64,79,79,64,79,79,100,100,100]",1583801975,"Image pack, Reviews, Shopping ads"
couronne de fleur avec prenom,49,49,50,58.24,0.00,https://wobz.fr/gobelet-personnalise-mariage-en-couronne-de-fleurs.html,0,0,0.00,1,8740000,"[0,0,2,3,2,2,5,29,54,100,24,19]",1582469984,"Image pack, Reviews, Shopping ads, Video Carousel"
verre a biere plastique,90,90,170,71.69,0.31,https://wobz.fr/verres-personnalises/verres-a-biere-personnalises.html,0,0,0.00,1,307000,"[42,35,65,65,100,100,100,65,65,54,54,35]",1583586975,"Image pack, Reviews, Video"
porte gobelet festival,74,74,260,64.6,0.56,https://wobz.fr/porte-gobelet-a-accroche-ceinture.html,0,0,0.00,1,458000,"[15,19,29,29,54,100,100,54,44,19,24,29]",1583683144,"Image pack, Site links, Reviews, Video, AdWords bottom, Shopping ads"
evjf friendly moment,12,12,50,55,0.00,https://wobz.fr/gobelet-personnalise-pour-evjf-friendly.html,0,0,0.00,0.1,50,"[14,100,14,14,14,14,29,14,0,14,43,14]",1582603125,"Image pack, Site links, Reviews"
cigogne naissance,87,87,210,84.69,0.00,https://wobz.fr/gobelet-personnalisable-naissance-effet-brode.html,0,0,0.00,0.99,306000,"[42,35,42,54,35,65,100,100,100,100,100,81]",1583554783,"Image pack, Reviews, Video Carousel"
cadre serigraphie personnalisé,48,48,70,56.07,0.54,https://wobz.fr/gobelet-personnalise-translucide-50cl-serigraphie-2-couleurs.html,0,0,0.00,1,262000,"[0,0,0,0,0,0,100,11,11,11,11,33]",1584328081,"Image pack, Reviews, Video Carousel"
gobelet enfant personnalisé,26,26,170,65.58,0.36,https://wobz.fr/gobelet-personnalise-naissance-chaussons.html,0,0,0.00,1,582000,"[1,4,7,13,24,82,100,44,7,4,7,7]",1584538116,"Image pack, Site links, Reviews, Video, FAQ"
verres à mojito,18,18,210,82.47,0.17,https://wobz.fr/verre-mojito-personnalise-blanc.html,0,0,0.00,1,271000,"[10,19,23,44,81,100,81,35,29,35,81,15]",1584157961,"Image pack, Reviews, Image, Shopping ads"
porte gobelet tour de cou,61,61,480,61.07,1.24,https://wobz.fr/porte-gobelet-a-accroche-ceinture.html,0,0,0.00,1,372000,"[30,44,44,67,82,100,67,44,24,36,36,44]",1584220460,"Image pack, Site links, Reviews, Shopping ads"
mariage theme biere,57,57,50,67.66,0.00,https://wobz.fr/gobelet-personnalise-mariage-car.html,0,0,0.00,0.97,2230000,"[50,25,100,25,25,25,25,25,25,25,50,25]",1584414106,Image pack
sérigraphie synonyme,59,59,50,82.93,0.00,https://wobz.fr/gobelet-personnalise-turquoise-25cl-serigraphie-1-couleur.html,0,0,0.00,0,88,"[100,14,29,14,29,71,71,14,29,14,14,43]",1583360711,"Image pack, Site links"
coffret pré équipé,75,75,40,84.47,0.00,https://wobz.fr/gobelets-thematiques.html,0,0,0.00,1,88,"[14,100,71,29,14,14,29,57,14,71,29,14]",1582817186,"Image pack, Site links, Reviews, Video Carousel"
photo 7,34,34,210,74.8,0.50,https://wobz.fr/gobelet-personnalise-33cl-qualite-photo-impression-7cm.html,0,0,0.00,0.04,15570000000,"[10,6,10,15,13,44,67,100,44,15,19,19]",1584005748,"Local pack, Image pack, Site links, Reviews, Video Carousel"
noce de 70 ans,85,85,110,80.47,0.00,https://wobz.fr/gobelet-personnalise-noces-de-platine-70-ans.html,0,0,0.00,0,2520000,"[50,64,79,79,100,100,100,100,79,64,64,79]",1582674818,"Image pack, Site links, Reviews, Featured snippet, Video Carousel, People also ask"
le bouquet de fleurs avis,92,92,90,73.85,0.00,https://wobz.fr/gobelet-mariage-bouquet-de-fleurs.html,0,0,0.00,1,10800000,"[100,11,22,11,11,22,11,11,11,11,11,33]",1582305071,"Knowledge panel, Image pack, Site links, Reviews, Shopping ads"
quadrichromie iml,61,61,40,52.61,0.83,https://wobz.fr/gobelet-personnalise-rose-25cl-qualite-photo.html,0,0,0.00,0.21,72,"[67,33,33,33,67,33,33,33,33,100,33,67]",1583478027,"Image pack, Reviews, Video"
mariage personnalisé,43,57,50,76.53,0.35,https://wobz.fr/gobelet-personnalise-mariage-car.html,0,0,0.00,1,27000000,"[19,4,8,8,4,4,4,4,12,4,4,100]",1584572874,"Image pack, Site links, Reviews, AdWords top, AdWords bottom, FAQ"
plastique de champagne,49,49,170,85.94,0.00,https://wobz.fr/flute-a-champagne-personnalisee-effervescence-en-plastique-qualite-photo.html,0,0,0.00,0.44,15000000,"[67,52,81,81,67,100,81,33,81,100,100,81]",1582921655,"Knowledge panel, Image pack, Reviews"
impression de gobelets,67,67,90,72.34,0.00,https://wobz.fr/gobelet-personnalise-33cl-qualite-photo-impression-7cm.html,0,0,0.00,0,2440000,"[0,25,25,25,50,25,0,100,0,25,25,0]",1583574326,"Image pack, Site links, Reviews, Video"
verre en plastique réutilisable,99,99,140,68.62,0.48,https://wobz.fr/gobelet-vierge-25-cl.html,0,0,0.00,1,1060000,"[22,22,28,53,100,53,53,34,34,28,28,34]",1584309603,"Image pack, Site links, Reviews"
gobelets réutilisables personnalisés belgique,76,76,70,48.12,0.00,https://wobz.fr/gobelet-personnalise-noces-d-or-50-ans.html,0,0,0.00,0,84,"[100,100,0,100,100,100,100,0,0,0,0,0]",1582440063,"Image pack, Site links, Reviews"
faire des gobelets personnalisés,22,22,50,62,0.63,https://wobz.fr/,0,0,0.00,1,391000,"[0,25,25,75,25,25,25,75,25,25,25,100]",1583433164,"Image pack, Site links, Reviews, AdWords bottom, Shopping ads"
verre personnalisé photo,19,19,170,67.49,0.59,https://wobz.fr/gobelet-personnalise-33cl-qualite-photo-impression-7cm.html,0,0,0.00,1,8340000,"[19,15,29,8,35,29,29,29,29,29,67,100]",1583539121,"Image pack, Reviews, Video"
gobelet plastique à personnaliser,33,33,40,66.07,0.89,https://wobz.fr/gobelet-personnalise-mariage-car.html,0,0,0.00,0.98,908000,"[11,11,100,11,11,11,11,22,11,11,11,22]",1583699362,"Image pack, Site links, Reviews"
comment personnaliser une gourde,48,48,40,62.72,0.59,https://wobz.fr/gourdes-personnalisees-tacx-shiva-7cm-500ml.html,0,0,0.00,1,368000,"[0,0,0,0,0,0,0,0,0,0,0,100]",1582289846,"Image pack, Reviews, Video, AdWords top, Shopping ads"
biere personnalisée,86,86,480,65.97,0.28,https://wobz.fr/verres-personnalises/verres-a-biere-personnalises.html,0,0,0.00,1,14500000,"[36,30,36,55,67,44,30,36,44,82,100,44]",1584234424,"Image pack, Site links, Reviews, Shopping ads, Video Carousel"
verre personnalisé enfant,24,24,50,56.37,0.43,https://wobz.fr/gobelet-personnalise-naissance-moon.html,0,0,0.00,1,6670000,"[7,14,7,7,7,7,7,79,100,7,50,21]",1582596402,"Image pack, Site links, Reviews, Video, AdWords bottom, Shopping ads"
gobelet personnalisé enfant,24,24,170,68.66,0.61,https://wobz.fr/gobelet-personnalise-naissance-princess.html,0,0,0.00,1,169000,"[1,3,3,6,10,24,82,100,29,7,4,4]",1583553787,"Image pack, Site links, Reviews, Video"
gobelet en silicone,87,87,50,67.89,0.00,https://wobz.fr/porte-gobelet-a-accroche-ceinture.html,0,0,0.00,1,773000,"[0,0,0,0,0,0,0,14,57,100,14,71]",1583691401,"Image pack, Reviews, Shopping ads, Video Carousel"
panier mariage oriental,42,42,170,73.05,0.18,https://wobz.fr/gobelet-personnalise-mariage-oriental.html,0,0,0.00,1,93,"[44,53,66,44,53,44,53,44,53,44,34,100]",1584371078,"Image pack, Reviews, Shopping ads, Video Carousel"
champagne personnalisé bapteme,49,49,40,63.01,0.00,https://wobz.fr/gobelets-thematiques/bapteme.html,0,0,0.00,1,339000,"[100,0,0,20,40,20,100,40,20,20,20,60]",1583778397,"Image pack, Site links, Reviews, Shopping ads"
gobelet a imprimer,26,26,90,62.64,0.48,https://wobz.fr/gobelet-personnalise-33cl-qualite-photo-impression-7cm.html,0,0,0.00,1,418000,"[0,0,0,0,20,20,20,20,100,20,20,20]",1582409334,"Image pack, Site links, Reviews"
gobelet or,28,28,140,76.77,0.29,https://wobz.fr/gobelet-personnalise-noces-d-or-50-ans.html,0,0,0.00,1,8280000,"[67,67,67,52,67,52,52,67,67,100,81,67]",1583634082,"Image pack, Site links, Reviews"
champagne personnalisé pas cher,89,89,40,62.09,0.37,https://wobz.fr/gobelet-mariage-bouquet-de-fleurs.html,0,0,0.00,1,723000,"[14,14,14,14,14,14,14,100,14,14,14,14]",1584165796,"Image pack, Site links, Reviews, AdWords top, AdWords bottom, Shopping ads, FAQ"
flute de champagne personnalisé,51,51,110,65.98,0.52,https://wobz.fr/flute-a-champagne-personnalisee-effervescence-en-plastique-qualite-photo.html,0,0,0.00,1,343000,"[41,65,82,41,41,53,53,100,65,53,41,65]",1582216505,"Image pack, Reviews, Video Carousel"
flute a champagne plastique,67,67,260,81.07,0.37,https://wobz.fr/flute-a-champagne-personnalisee-effervescence-en-plastique-qualite-photo.html,0,0,0.00,1,332000,"[44,36,54,44,67,67,44,67,100,82,67,54]",1583597789,"Image pack, Reviews"
verre de vin personnalisé,26,26,140,70.64,0.58,https://wobz.fr/verres-personnalises/verres-a-vin-personnalises.html,0,0,0.00,1,12200000,"[12,12,12,12,15,19,15,12,15,19,66,100]",1583729945,"Image pack, Site links, Reviews, Image, Video Carousel"
gobelets plastiques personnalisés,27,27,170,64.34,0.82,https://wobz.fr/,0,0,0.00,1,1150000,"[19,35,42,65,35,42,65,100,81,100,65,65]",1583503202,"Image pack, Site links, Reviews, AdWords top, AdWords bottom, Shopping ads"
gobelet synonyme,36,36,90,88.17,0.00,https://wobz.fr/gobelet-personnalise-turquoise-25cl-serigraphie-1-couleur.html,0,0,0.00,0,91,"[11,11,11,56,44,100,11,11,11,11,11,22]",1582701828,"Instant answer, Image pack, Reviews"
gobelets a cocktails,21,21,40,70.99,0.00,https://wobz.fr/verres-personnalises-en-tritan/verres-a-cocktail-personnalises-en-plastique.html,0,0,0.00,1,1690000,"[100,9,18,9,0,27,9,18,9,9,18,9]",1583038565,"Image pack, Reviews"
verre à vin sérigraphié,44,44,40,50.66,0.54,https://wobz.fr/gobelet-personnalise-translucide-50cl-serigraphie-2-couleurs.html,0,0,0.00,1,1370000,"[29,100,29,14,14,29,14,14,14,14,29,14]",1583417414,"Image pack, Reviews"
verre a vin opaque blanc,94,94,50,78.99,0.20,https://wobz.fr/gobelet-personnalise-blanc-25cl-qualite-photo.html,0,0,0.00,1,252000,"[14,14,14,14,14,14,14,71,43,100,14,100]",1582851626,"Image pack, Reviews, AdWords bottom, Shopping ads"
coffret à bière,78,78,90,71.04,0.36,https://wobz.fr/coffrets/coffrets-a-biere.html,0,0,0.00,1,13600000,"[11,11,11,11,11,11,11,100,11,11,11,11]",1582733515,"Local pack, Image pack, Site links, Reviews"
verre 50 ans,20,20,70,68.71,0.11,https://wobz.fr/gobelet-personnalise-noces-d-or-50-ans.html,0,0,0.00,1,76600000,"[11,22,11,22,11,11,11,22,100,44,78,22]",1582907948,"Image pack, Reviews, Shopping ads"
verre a bourgogne,86,86,140,72.77,0.22,https://wobz.fr/coffret-cremant-de-bourgogne-et-verres-a-vin-en-verre.html,0,0,0.00,1,12500000,"[36,23,23,18,28,23,36,28,36,28,67,100]",1582931067,"Image pack, Reviews, Shopping ads, People also ask"
image pour noces d or,87,87,90,86.75,0.00,https://wobz.fr/gobelet-personnalise-noces-d-or-50-ans.html,0,0,0.00,0.93,25100000,"[11,11,11,22,22,22,100,11,78,78,11,11]",1583594517,"Image pack, Reviews"
gobelet réutilisable personnalisé,48,48,590,61.22,0.79,https://wobz.fr/gobelet-personnalise-33cl-qualite-photo-impression-7cm.html,0,0,0.00,1,95400,"[44,82,82,67,82,100,82,82,82,82,54,82]",1584270166,"Image pack, Site links, Reviews, AdWords top, Shopping ads"
verre plastique personnalisable,56,56,390,66.02,0.73,https://wobz.fr/,0,0,0.00,1,559000,"[44,36,44,66,100,100,81,100,81,66,54,36]",1583993293,"Image pack, Site links, Reviews, AdWords top, AdWords bottom, Shopping ads"
cadre mariage,46,46,480,82.8,0.39,https://wobz.fr/gobelet-personnalise-mariage-cadre.html,0,0,0.00,1,130000000,"[30,36,55,55,67,82,100,55,44,36,36,44]",1584324195,"Image pack, Reviews, Video Carousel"
gobelet soiree,42,0,50,73.95,0.00,https://wobz.fr/porte-gobelet-a-accroche-ceinture.html,0,0,0.00,1,1200000,"[25,75,25,25,25,50,25,25,25,25,100,25]",1584619406,"Image pack, Site links, Reviews, Shopping ads, Video Carousel"
bouteille de champagne personnalisée,86,86,320,66.16,0.89,https://wobz.fr/bouteille-d-eau-personnalisee.html,0,0,0.00,1,5060000,"[81,67,67,44,67,81,54,54,54,67,100,81]",1583470186,"Image pack, Site links, Reviews, AdWords top, Shopping ads"
mojito au champagne,94,94,110,73.51,0.00,https://wobz.fr/mojito-personnalises,0,0,0.00,0.02,12600000,"[16,16,13,28,28,44,66,44,22,13,16,100]",1582697040,"Image pack, Reviews, Image, Video Carousel"
musique des gobelets,58,58,70,84.65,0.00,https://wobz.fr/gobelets-pre-personnalises/fete-du-village.html,0,0,0.00,0,1510000,"[20,40,40,20,100,20,20,20,20,20,20,20]",1583579863,"Reviews, Video"
gobelet en plastique rose,60,60,50,69.6,0.00,https://wobz.fr/gobelet-personnalise-rose-25cl-qualite-photo.html,0,0,0.00,1,634000,"[14,14,14,14,14,57,29,100,14,0,14,14]",1582438847,"Image pack, Site links, Reviews, Video"
impression sur verre à vin,30,30,50,57.09,0.60,https://wobz.fr/verres-personnalises/verres-a-vin-personnalises.html?___store=wz_fr,0,0,0.00,1,10500000,"[14,14,29,100,29,14,14,14,43,14,14,43]",1584298776,"Image pack, Reviews"
gobelets personnalises,21,21,170,63.89,0.73,https://wobz.fr/gobelets-personnalises,0,0,0.00,1,20200,"[66,53,44,34,28,44,53,53,66,81,81,100]",1583998221,"Image pack, Site links, Reviews"
message 50 ans de mariage,75,75,210,74.11,0.00,https://wobz.fr/gobelet-personnalise-noces-d-or-50-ans.html,0,0,0.00,0.07,48200000,"[8,8,18,54,44,67,67,100,67,82,44,28]",1583878534,"Image pack, Reviews, Featured snippet, Video Carousel"
verre a flute,83,83,50,86.28,0.12,https://wobz.fr/flute-a-champagne-personnalisee.html,0,0,0.00,0.99,2010000,"[100,11,11,11,22,11,11,56,11,56,11,11]",1584165505,"Knowledge panel, Reviews, Video Carousel"
fabrication jetons personnalisés,61,61,90,52.14,0.79,https://wobz.fr/a-propos-de-wobz,0,0,0.00,1,275000,"[11,11,56,100,100,11,11,11,11,44,56,11]",1583104149,"Image pack, Site links, Reviews, AdWords top, Shopping ads"
gobelet a anse,54,54,50,72.22,0.00,https://wobz.fr/gobelet-personnalise-noces-d-or-50-ans.html,0,0,0.00,0.95,500000,"[0,0,0,100,33,33,33,33,33,33,33,33]",1583843688,"Image pack, Reviews, Video"
coffret verre a vin,31,31,170,82.04,0.40,https://wobz.fr/coffret-cremant-de-bourgogne-et-verres-a-vin-en-verre.html,0,0,0.00,1,4160000,"[12,12,12,8,19,15,12,12,15,24,66,100]",1583513858,"Image pack, Site links, Reviews"
shaker personnalisé,34,34,170,66.73,0.37,https://wobz.fr/verres-en-verre-personnalises/verre-shaker-personnalise-58cl.html?SID=5ni9rc51101rcfnsdpqh9he759,0,0,0.00,1,1580000,"[53,53,44,34,53,44,34,53,53,81,100,53]",1584158442,"Image pack, Reviews, Shopping ads"
verre bapteme personnalisé,35,35,70,64.34,0.00,https://wobz.fr/gobelets-thematiques/bapteme.html,0,0,0.00,1,91,"[33,67,33,100,33,33,33,33,33,33,33,33]",1583679887,"Image pack, Site links, Reviews"
noce d argent texte,52,52,70,65,0.00,https://wobz.fr/gobelet-personnalise-pour-noce-d-argent-25-ans.html,0,0,0.00,0.05,300000,"[14,14,14,14,14,57,43,14,100,14,14,14]",1582372903,"Site links, Reviews, Featured snippet"
mojito quantité,92,92,70,71.85,0.00,https://wobz.fr/verre-mojito-personnalise-blanc.html,0,0,0.00,0.06,210000,"[22,22,11,100,11,44,11,78,11,11,11,11]",1582773235,"Reviews, Image, Video Carousel"
gobelet à personnaliser,16,16,110,67.06,0.64,https://wobz.fr/,0,0,0.00,1,4490000,"[41,53,65,100,100,82,100,82,53,53,41,100]",1584277727,"Image pack, Site links, Reviews, FAQ"
goblet a biere,41,41,40,69.26,0.00,https://wobz.fr/gobelet-personnalise-cousinade-tree.html,0,0,0.00,1,83000,"[100,20,20,40,20,20,20,20,20,40,40,40]",1582994564,"Image pack, Site links, Reviews, Shopping ads, Video Carousel"
verre personnalisé avec prenom,43,43,70,58.64,0.57,https://wobz.fr/gobelet-personnalise-mariage-cadre.html,0,0,0.00,1,10700000,"[11,11,11,11,11,22,22,11,100,56,22,11]",1582722232,"Image pack, Site links, Reviews, AdWords bottom, Shopping ads"
texte pour des noces d or,87,87,70,74.58,0.00,https://wobz.fr/gobelet-personnalise-noces-d-or-50-ans.html,0,0,0.00,0.13,2560000,"[11,11,11,100,11,33,78,11,11,44,11,11]",1584534382,"Image pack, Site links, Reviews, FAQ"
images noces d or,67,67,140,85.07,0.00,https://wobz.fr/gobelet-personnalise-noces-d-or-50-ans.html,0,0,0.00,0.4,6320000,"[28,22,28,34,34,44,100,81,81,53,44,28]",1583796282,"Image pack, Reviews, Video, Shopping ads"
cadre pour mariage,22,22,70,84.65,0.13,https://wobz.fr/gobelet-personnalise-mariage-cadre.html,0,0,0.00,1,79000000,"[4,4,8,4,4,12,4,100,42,4,15,4]",1583970457,"Image pack, Reviews, Video Carousel"
gobelet in english,48,48,90,80.26,0.00,https://wobz.fr/gobelet-personnalise-33cl-qualite-photo-impression-7cm.html,0,0,0.00,0,85,"[100,57,14,14,14,71,14,14,14,14,14,14]",1583525330,"Instant answer, Image pack, Video"
verre a eau,77,77,1900,86.47,0.17,https://wobz.fr/verre-a-eau-lounge-personnalise.html,0,0,0.00,1,135000000,"[30,30,30,30,30,36,36,36,43,66,100,55]",1584554539,"Local pack, Image pack, Reviews, Video Carousel"
ecocup personnalisable,71,71,720,60.89,0.87,https://wobz.fr/gobelet-personnalise-mariage-car.html,0,0,0.00,1,12100,"[16,30,24,30,45,55,55,100,81,37,55,63]",1584447152,"Image pack, Site links, Reviews, Video, AdWords top"
gobelet plastique orange,56,56,40,73.18,0.00,https://wobz.fr/gobelet-personnalise-orange-25cl-serigraphie-1-couleur.html,0,0,0.00,1,2700000,"[33,33,100,67,33,33,33,33,33,33,67,33]",1584249519,"Image pack, Site links, Reviews, AdWords bottom, Shopping ads, Video Carousel"
flute plastique,36,44,320,80.56,0.28,https://wobz.fr/flute-a-champagne-personnalisee-effervescence-en-plastique-qualite-photo.html,0,0,0.00,1,1380000,"[54,54,67,82,82,67,54,82,100,82,82,82]",1584572417,"Image pack, Reviews, Shopping ads"
verre de mojito,44,44,140,83.2,0.00,https://wobz.fr/verre-mojito-personnalise-blanc.html,0,0,0.00,1,1290000,"[13,22,34,34,34,66,100,81,53,34,28,44]",1583806530,"Image pack, Reviews, Image, Video Carousel"
photo de diamant a imprimer,87,87,50,72.38,0.00,https://wobz.fr/gobelet-personnalise-noces-de-diamant-noir-et-blanc.html,0,0,0.00,0.1,2870000,"[100,14,29,14,14,14,14,14,14,14,14,29]",1582841919,"Image pack, Reviews, Video"
couleur sérigraphie,28,28,40,59.78,0.87,https://wobz.fr/gobelet-personnalise-translucide-25cl-serigraphie-1-couleur.html,0,0,0.00,0.86,3530000,"[20,20,20,40,20,60,20,20,40,100,80,20]",1583955074,"Image pack, Site links, Reviews, Video Carousel"
difference verre a vin et verre a eau,45,45,40,76.03,0.00,https://wobz.fr/verres-personnalises-en-verre,0,0,0.00,1,3100000,"[100,50,50,50,100,50,50,0,50,50,0,50]",1583989387,"Image pack, Reviews, Featured snippet, Video Carousel, People also ask"
verres a mojito,23,23,110,83.6,0.19,https://wobz.fr/verre-mojito-personnalise-blanc.html,0,0,0.00,1,269000,"[19,19,24,43,52,67,100,81,33,33,43,81]",1583973197,"Image pack, Reviews, Image"
verres à vin personnalisés,23,23,70,68.45,0.55,https://wobz.fr/verres-personnalises/verres-a-vin-personnalises.html,0,0,0.00,1,3250000,"[6,12,29,6,6,6,6,41,12,65,100,6]",1584267833,"Image pack, Reviews, Image"
timbale personnalisée prenom,50,50,50,72.64,0.26,https://wobz.fr/gobelet-personnalise-noces-d-or-50-ans.html,0,0,0.00,1,87,"[5,5,5,5,10,5,5,5,100,5,5,5]",1584021637,"Image pack, Site links, Reviews"
commande ecocup personnalisé,47,47,40,62.5,0.63,https://wobz.fr/gobelet-personnalise-mariage-car.html,0,0,0.00,1,93,"[0,0,0,0,0,0,33,100,33,33,33,33]",1584325598,"Image pack, Site links, Reviews, AdWords top, AdWords bottom, Shopping ads"
verre à biere personnalisé professionnel,33,33,70,59.99,0.37,https://wobz.fr/verres-personnalises-en-verre,0,0,0.00,1,90,"[14,14,14,14,14,14,14,43,14,14,100,14]",1582622567,"Image pack, Reviews, Video, AdWords top, AdWords bottom"
33cl,77,0,320,78.38,0.00,https://www.wobz.fr/gobelet-personnalise-33cl-qualite-photo-impression-7cm.html,0,0,0.00,0.01,3220000,"[67,67,67,67,67,82,67,82,82,82,82,100]",1584636983,"Image pack, Reviews"
mot 50 ans,72,72,140,80.85,0.00,https://wobz.fr/gobelet-personnalise-noces-d-or-50-ans.html,0,0,0.00,0,265000000,"[43,67,67,67,100,81,81,81,81,81,52,43]",1584541069,"Image pack, Site links, Reviews, Featured snippet, FAQ"
mojito mariage,37,37,90,64.79,0.00,https://wobz.fr/gobelet-personnalise-mariage-maghreb.html,0,0,0.00,0.25,804000,"[60,20,100,40,20,60,20,20,60,20,20,20]",1583645209,"Image pack, Reviews, Video, Image, Video Carousel"
personnalisation gobelet,16,16,140,63.36,1.01,https://wobz.fr/,0,0,0.00,1,3630000,"[33,33,43,52,67,81,100,81,67,67,52,43]",1583979235,"Image pack, Site links, Reviews, Video Carousel"
verre gobelet personnalisé,16,16,90,65.15,0.58,https://wobz.fr/,0,0,0.00,1,987000,"[14,100,14,29,14,14,14,14,14,14,57,14]",1583970362,"Image pack, Site links, Reviews, Video, AdWords top"
gobelet réutilisable à l unité,36,36,40,61.7,0.00,https://wobz.fr/gobelet-personnalise-25cl-qualite-photo.html,0,0,0.00,1,96300,"[11,11,0,33,11,100,22,11,11,11,11,22]",1583423843,"Image pack, Site links, Reviews"
verre à vin personnalisé anniversaire,52,0,90,71.07,0.48,https://wobz.fr/verres-personnalises-en-verre,0,0,0.00,1,99,"[0,0,0,0,0,0,0,33,33,33,100,33]",1584605079,"Image pack, Site links, Reviews, Shopping ads"
verre biere incassable,46,46,50,55.3,0.00,https://wobz.fr/verres-personnalises/verres-a-biere-personnalises.html?___store=wz_fr,0,0,0.00,1,147000,"[0,0,0,0,0,0,40,20,20,20,20,100]",1582344795,"Image pack, Reviews, Video"
gobelet personnalisé réutilisable,42,42,110,60.91,1.18,https://wobz.fr/,0,0,0.00,1,646000,"[24,43,100,81,52,100,81,52,52,14,24,19]",1583729819,"Image pack, Site links, Reviews, Video, AdWords top, Shopping ads"
gobelet avec prenom,33,33,140,70.59,0.30,https://wobz.fr/gobelet-personnalise-mariage-cadre.html,0,0,0.00,1,1040000,"[7,2,5,5,12,19,66,100,44,12,7,15]",1583532523,"Image pack, Site links, Reviews, Video"
verre à vin verre à eau,55,55,170,78.71,0.28,https://wobz.fr/verres-personnalises-plastique,0,0,0.00,0.56,28500000,"[23,19,23,19,23,23,23,29,29,35,44,100]",1584090199,"Image pack, Site links, Reviews, Shopping ads, Video Carousel, People also ask"
noce de platine,42,42,1900,81.59,0.00,https://wobz.fr/gobelet-personnalise-pour-noce-black-white.html,0,0,0.00,0,105000,"[42,67,100,79,79,100,100,79,79,67,67,54]",1584158252,"Image pack, Video, Featured snippet, Video Carousel, People also ask"
impression 2 couleurs,39,39,40,69.86,1.98,https://wobz.fr/gobelet-personnalise-25cl-impression-serigraphie-2-couleurs.html,0,0,0.00,0.13,53800000,"[50,50,50,50,50,50,50,50,50,100,50,50]",1583553580,"Image pack, Site links, Reviews, Video Carousel"
verre de communion,69,69,90,68.55,0.14,https://wobz.fr/gobelets-thematiques/communion.html,0,0,0.00,1,3430000,"[3,9,100,81,3,28,9,3,3,3,6,3]",1584504778,"Image pack, Reviews, Video"
plus beau verre a biere,46,46,70,75.41,0.16,https://wobz.fr/verres-personnalises/verres-a-biere-personnalises.html?___store=wz_fr,0,0,0.00,1,7950000,"[100,100,100,100,100,100,100,100,100,100,100,100]",1582514452,"Image pack, Site links, Reviews, AdWords top, AdWords bottom, Shopping ads"
gobelet réutilisable 33cl personnalisé,18,18,210,58.7,0.74,https://wobz.fr/gobelet-personnalise-33cl-qualite-photo-impression-7cm.html,0,0,0.00,1,75,"[0,7,10,15,19,29,24,36,36,29,44,100]",1584157480,"Image pack, Site links, Reviews, Shopping ads"
verre à vin bourgogne,62,62,70,77.95,0.38,https://wobz.fr/coffret-cremant-de-bourgogne-et-verres-a-vin-en-verre.html,0,0,0.00,1,3560000,"[33,33,33,33,67,100,100,33,33,33,33,33]",1583457571,"Image pack, Site links, Reviews, Shopping ads"
a mojito,43,43,40,73.75,0.00,https://wobz.fr/mojito-personnalises,0,0,0.00,0.54,50300000,"[14,14,14,29,14,100,14,14,14,0,14,29]",1582934950,"Reviews, Image, Video Carousel, People also ask"
que faire avec des verres en plastique,69,69,50,77.71,0.00,https://wobz.fr/verres-personnalises-plastique,0,0,0.00,0,47800000,"[100,78,11,11,78,11,11,22,44,11,11,22]",1583948091,"Reviews, Video, Featured snippet, Video Carousel"
gobelet enfant a personnaliser,68,68,70,66.74,0.00,https://wobz.fr/gobelet-personnalise-orange-25cl-serigraphie-1-couleur.html,0,0,0.00,0,1600000,"[0,25,0,25,0,0,25,50,100,25,0,0]",1583719935,"Image pack, Site links, Reviews"
noce platine,43,43,210,78.95,0.00,https://wobz.fr/gobelet-personnalise-pour-noce-black-white.html,0,0,0.00,0.01,115000,"[65,35,81,100,81,65,100,100,65,65,65,54]",1583749068,"Image pack, Video, Featured snippet, Video Carousel"
cousinade humour,15,15,140,67.59,0.00,https://wobz.fr/gobelet-personnalise-cousinade-genealogie.html,0,0,0.00,0,72000,"[53,28,44,34,66,44,44,100,53,28,28,34]",1584061474,"Image pack, Site links, Reviews, Video"
ecocup personnalisé,32,0,1600,61.8,0.71,https://wobz.fr/,0,0,0.00,1,98,"[53,68,68,100,100,100,84,84,84,100,53,100]",1584597489,"Image pack, Site links, Reviews, Video"
gobelet logo,38,38,40,62.84,0.95,https://wobz.fr/,0,0,0.00,1,7300000,"[29,29,29,43,57,71,57,71,100,71,57,57]",1584559364,"Image pack, Site links, Reviews, Shopping ads"
jetons personnalisés,22,22,170,56.84,0.64,https://wobz.fr/jetons-personnalises.html,0,0,0.00,1,1300000,"[52,67,67,81,100,100,81,52,81,67,81,67]",1583523014,"Image pack, Site links, Reviews, AdWords top, Shopping ads"
coffret champagne flutes personnalisé,23,23,50,61.91,0.00,https://wobz.fr/coffrets.html,0,0,0.00,1,81,"[25,25,25,50,25,50,25,100,25,25,25,75]",1583169559,"Image pack, Reviews, Shopping ads"
image verre vin,38,38,70,85.31,0.00,https://wobz.fr/verre-a-vin-personnalise-cabernet-en-plastique-qualite-photo.html,0,0,0.00,0.4,46900000,"[25,75,25,100,25,25,25,25,25,25,25,25]",1584544306,"Image pack, Reviews"
verre biere personnalisé,46,46,390,68.57,0.54,https://wobz.fr/verres-personnalises/verres-a-biere-personnalises.html,0,0,0.00,1,186000,"[21,21,26,48,59,32,26,32,32,59,100,26]",1584374561,"Image pack, Reviews"
